Date,Close,Open,High,Low,Change,Volume,MA3,MA8,MA20,MA3_8,MA3_20,MA8_20,Short,Long,Category,Recommendation,Action
2020-05-20,77.1,77.1,77.1,72.8,0.0,4298310,74.0666666666667,72.84999999999997,68.725,-1.2166666666667396,-5.341666666666711,-4.124999999999972,False,False,Up Doji,,
2020-05-19,73.2,73.0,74.7,72.3,0.0,3688710,72.23333333333338,72.07499999999996,68.29499999999999,-0.1583333333334167,-3.9383333333333894,-3.7799999999999727,False,False,Short Green,,
2020-05-18,71.9,71.3,72.6,70.9,0.84,1656080,71.3666666666667,71.37499999999996,68.05999999999999,0.0083333333332547,-3.3066666666667146,-3.3149999999999693,False,False,Green,,
2020-05-15,71.6,71.0,72.0,70.5,0.85,1556450,71.20000000000005,70.76249999999996,67.83999999999999,-0.43750000000008527,-3.3600000000000563,-2.922499999999971,False,False,Green,,
2020-05-14,70.6,70.9,71.4,70.4,0.42,2268270,71.83333333333337,69.76249999999996,67.64999999999999,-2.070833333333411,-4.18333333333338,-2.1124999999999687,False,False,Red,,
2020-05-13,71.4,72.6,73.0,70.9,1.65,3373310,72.80000000000004,69.04999999999995,67.52,-3.7500000000000853,-5.280000000000044,-1.5299999999999585,False,False,Red,,
2020-05-12,73.5,73.3,73.9,72.0,0.27,1769100,72.63333333333337,68.07499999999996,67.31499999999998,-4.558333333333408,-5.318333333333385,-0.7599999999999767,False,False,Green,,
2020-05-11,73.5,73.5,73.9,70.8,0.0,2792640,70.6666666666667,66.96249999999996,66.99499999999998,-3.7041666666667368,-3.6716666666667237,0.032500000000013074,False,False,Doji,,
2020-05-08,70.9,68.0,72.3,67.8,4.26,3635800,68.50000000000004,65.83749999999996,66.76999999999998,-2.6625000000000796,-1.7300000000000608,0.9325000000000188,False,False,Down Green,,
2020-05-07,67.6,67.5,68.0,66.2,0.15,1474450,66.0666666666667,65.09999999999997,66.72499999999998,-0.9666666666667396,0.6583333333332746,1.6250000000000142,False,False,Green,,
2020-05-06,67.0,63.6,67.5,63.4,5.35,4286630,65.16666666666671,64.97499999999997,66.64499999999998,-0.19166666666674814,1.4783333333332678,1.670000000000016,False,False,Down Green,,
2020-05-05,63.6,64.7,65.5,63.4,1.7,2397120,64.03333333333339,64.77499999999996,66.37999999999998,0.7416666666665748,2.346666666666593,1.6050000000000182,False,False,Red,,
2020-05-04,64.9,63.6,64.9,63.6,2.04,1577040,64.36666666666672,65.32499999999996,66.085,0.9583333333332433,1.7183333333332769,0.7600000000000335,False,False,Green,,
2020-04-29,63.6,63.6,65.0,63.3,0.0,2701200,64.23333333333336,65.77499999999996,65.57999999999998,1.5416666666666003,1.3466666666666214,-0.19499999999997897,False,False,Doji,,
2020-04-28,64.6,67.0,68.5,64.5,3.58,3631100,64.70000000000003,66.38749999999996,65.14999999999999,1.687499999999929,0.4499999999999602,-1.2374999999999687,False,False,Down Red,,
2020-04-27,64.5,65.5,66.9,64.0,1.53,1235530,65.3666666666667,66.74999999999996,64.71,1.3833333333332547,-0.6566666666667089,-2.0399999999999636,False,False,Red,,
2020-04-24,65.0,66.6,66.8,64.3,2.4,2147870,65.6666666666667,67.16249999999995,64.48499999999999,1.4958333333332519,-1.1816666666667146,-2.6774999999999665,False,False,Red,,
2020-04-23,66.6,67.0,67.4,65.6,0.6,1093030,66.6666666666667,67.53749999999995,64.285,0.8708333333332519,-2.3816666666667032,-3.252499999999955,False,False,Red,,
2020-04-22,65.4,65.2,68.0,65.2,0.31,1303590,67.30000000000003,67.62499999999994,63.90999999999999,0.3249999999999176,-3.390000000000036,-3.7149999999999537,False,False,Down Green,,
2020-04-21,68.0,68.0,68.3,66.1,0.0,1213590,68.33333333333337,67.83749999999995,63.40499999999999,-0.4958333333334224,-4.928333333333384,-4.432499999999962,False,False,Doji,,
2020-04-20,68.5,69.4,69.4,68.0,1.3,512370,68.1666666666667,67.96249999999995,62.97499999999999,-0.20416666666675098,-5.191666666666713,-4.987499999999962,False,False,Up Red,,
2020-04-17,68.5,67.5,69.2,67.5,1.48,734070,67.93333333333338,68.14999999999995,62.73999999999999,0.21666666666656909,-5.193333333333392,-5.409999999999961,False,False,Down Green,,
2020-04-16,67.5,67.6,68.2,66.8,0.15,670940,67.76666666666671,67.83749999999995,62.73999999999999,0.07083333333324049,-5.026666666666721,-5.097499999999961,False,False,Red,,
2020-04-15,67.8,68.4,69.0,67.5,0.88,533620,67.70000000000006,67.11249999999995,62.83999999999999,-0.5875000000001052,-4.8600000000000705,-4.272499999999965,False,False,Red,,
2020-04-14,68.0,68.0,68.9,66.5,0.0,642490,67.46666666666671,65.84999999999997,62.94499999999999,-1.6166666666667453,-4.521666666666718,-2.9049999999999727,False,False,Doji,,
2020-04-13,67.3,68.0,69.5,67.1,1.03,449470,67.80000000000005,64.19999999999996,63.13499999999999,-3.600000000000094,-4.665000000000063,-1.0649999999999693,False,False,Red,,
2020-04-10,67.1,68.5,69.2,67.0,2.04,513310,68.70000000000005,62.66249999999996,63.36999999999999,-6.037500000000087,-5.330000000000055,0.7075000000000315,False,False,Down Red,,
2020-04-09,69.0,70.0,70.9,68.8,1.43,854470,68.33333333333339,61.24999999999996,63.614999999999995,-7.083333333333428,-4.7183333333333906,2.3650000000000375,False,False,Red,,
2020-04-08,70.0,64.5,70.0,64.0,8.53,950920,65.90000000000005,60.12499999999996,63.989999999999995,-5.775000000000091,-1.9100000000000534,3.8650000000000375,False,False,Full Green,,
2020-04-07,66.0,65.5,66.0,62.1,0.76,902670,61.80000000000005,58.99999999999996,64.315,-2.8000000000000895,2.514999999999951,5.31500000000004,False,False,Green,,
2020-04-06,61.7,60.0,61.7,58.6,2.83,534020,58.06666666666672,58.13749999999997,64.78,0.0708333333332476,6.713333333333281,6.642500000000034,False,False,Green,,
2020-04-03,57.7,56.2,57.7,55.2,2.67,940470,55.83333333333339,57.33749999999996,65.74,1.5041666666665705,9.906666666666602,8.402500000000032,False,False,Green,,
2020-04-01,54.8,53.2,57.3,53.2,3.01,553900,55.20000000000007,57.54999999999996,66.905,2.349999999999895,11.704999999999934,9.35500000000004,False,False,Down Green,,
2020-03-31,55.0,55.8,57.9,52.0,1.43,661010,56.9333333333334,58.67499999999997,68.19,1.7416666666665677,11.256666666666597,9.515000000000029,False,False,Red,,
2020-03-30,55.8,55.8,57.0,55.8,0.0,929820,58.9333333333334,60.36249999999997,69.465,1.4291666666665677,10.531666666666602,9.102500000000035,False,False,Down Doji,,
2020-03-27,60.0,60.0,61.4,58.5,0.0,710770,60.033333333333395,62.074999999999974,70.7,2.041666666666579,10.666666666666607,8.625000000000028,False,False,Doji,,
2020-03-26,61.0,59.1,63.0,57.2,3.21,2020820,58.466666666666725,63.31249999999998,71.72,4.845833333333253,13.253333333333273,8.40750000000002,False,False,Green,,
2020-03-25,59.1,57.0,59.1,54.0,3.68,1832290,57.933333333333394,64.66249999999998,72.71000000000001,6.729166666666586,14.776666666666614,8.047500000000028,False,False,Up Green,,
2020-03-24,55.3,55.4,58.4,55.3,0.18,2036510,59.50000000000006,66.27499999999998,73.80000000000001,6.77499999999992,14.299999999999955,7.525000000000034,False,False,Down Red,,
2020-03-23,59.4,60.0,62.0,59.4,1.0,198200,63.900000000000055,68.36249999999998,75.19000000000001,4.4624999999999275,11.289999999999957,6.827500000000029,False,False,Down Red,,
2020-03-20,63.8,68.5,68.5,63.8,6.86,1351550,67.26666666666672,70.49999999999999,76.42,3.2333333333332632,9.15333333333328,5.920000000000016,False,False,Full Red,,
2020-03-19,68.5,67.3,69.3,65.0,1.78,1482170,69.30000000000005,72.08749999999999,77.535,2.7874999999999375,8.234999999999943,5.447500000000005,False,False,Green,,
2020-03-18,69.5,69.7,70.3,67.5,0.29,1707750,70.40000000000005,72.93749999999999,78.45500000000001,2.5374999999999375,8.054999999999964,5.517500000000027,False,False,Red,,
2020-03-17,69.9,69.9,71.4,67.5,0.0,1095460,71.23333333333339,74.36249999999998,79.28,3.129166666666592,8.04666666666661,4.917500000000018,False,False,Doji,,
2020-03-16,71.8,71.0,71.8,67.5,1.13,968810,71.9333333333334,75.74999999999999,80.08500000000001,3.816666666666592,8.151666666666614,4.335000000000022,False,False,Green,,
2020-03-13,72.0,67.0,72.0,67.0,7.46,1337180,73.50000000000006,76.83749999999999,80.83000000000001,3.3374999999999346,7.329999999999956,3.992500000000021,False,False,Full Green,,
2020-03-12,72.0,75.5,75.5,71.2,4.64,1161120,75.00000000000006,77.89999999999999,81.61,2.8999999999999346,6.609999999999943,3.710000000000008,False,False,Up Red,,
2020-03-11,76.5,76.5,76.8,71.2,0.0,932900,76.10000000000007,78.96249999999999,82.31,2.862499999999926,6.209999999999937,3.347500000000011,False,False,Doji,,
2020-03-10,76.5,71.0,76.5,71.0,7.75,1050110,77.56666666666673,79.44999999999999,82.81,1.8833333333332547,5.243333333333268,3.3600000000000136,False,False,Full Green,,
2020-03-09,75.3,78.6,78.6,75.3,4.2,973190,79.06666666666673,79.98749999999998,83.295,0.920833333333249,4.228333333333268,3.3075000000000188,False,False,Full Red,,
2020-03-06,80.9,80.0,80.9,79.0,1.13,339740,80.80000000000007,80.68749999999999,83.84,-0.11250000000008242,3.039999999999935,3.1525000000000176,False,False,Green,,
2020-03-05,81.0,80.1,81.5,80.1,1.12,361110,80.66666666666674,80.96249999999999,84.14500000000001,0.295833333333249,3.4783333333332678,3.1825000000000188,False,False,Down Green,,
2020-03-04,80.5,79.1,80.5,78.9,1.77,901070,80.50000000000009,81.33749999999999,84.435,0.8374999999999062,3.934999999999917,3.097500000000011,False,False,Green,,
2020-03-03,80.5,80.5,81.1,80.2,0.0,742520,80.46666666666675,82.0375,84.71000000000001,1.5708333333332405,4.243333333333254,2.6725000000000136,False,False,Doji,,
2020-03-02,80.5,79.1,80.6,79.0,1.77,447980,80.56666666666675,82.83749999999999,84.97,2.2708333333332433,4.403333333333251,2.1325000000000074,False,False,Green,,
2020-02-28,80.4,78.5,80.4,78.5,2.42,860760,80.70000000000009,83.52499999999999,85.20500000000001,2.8249999999999034,4.504999999999924,1.680000000000021,False,False,Green,,
2020-02-27,80.8,79.9,81.0,79.0,1.13,1280250,81.60000000000008,84.225,85.56,2.6249999999999147,3.9599999999999227,1.335000000000008,False,False,Green,,
2020-02-26,80.9,83.0,83.0,80.3,2.53,651880,82.66666666666676,84.9625,85.89000000000001,2.295833333333249,3.223333333333258,0.9275000000000091,False,False,Up Red,,
2020-02-25,83.1,82.3,83.8,81.0,0.97,410300,84.40000000000008,85.80000000000001,86.31500000000001,1.3999999999999346,1.9149999999999352,0.5150000000000006,False,False,Green,,
2020-02-24,84.0,83.3,85.1,83.3,0.84,619380,85.66666666666674,86.16250000000001,86.53500000000001,0.49583333333326607,0.8683333333332683,0.3725000000000023,False,False,Down Green,,
2020-02-21,86.1,86.5,86.9,86.0,0.46,184170,86.33333333333341,86.47500000000001,86.63500000000002,0.14166666666659467,0.30166666666660547,0.1600000000000108,False,False,Red,,
2020-02-20,86.9,86.5,87.3,85.9,0.46,271380,86.30000000000008,86.48750000000001,86.63000000000002,0.18749999999992895,0.32999999999994145,0.1425000000000125,False,False,Green,,
2020-02-19,86.0,85.6,86.5,85.2,0.47,514110,86.23333333333342,86.40000000000002,86.59,0.16666666666660035,0.35666666666658386,0.18999999999998352,False,False,Green,,
2020-02-18,86.0,86.6,87.0,85.6,0.69,323870,86.76666666666677,86.52500000000002,86.605,-0.2416666666667453,-0.16166666666676122,0.07999999999998408,False,False,Red,,
2020-02-17,86.7,88.0,88.0,86.5,1.48,164600,86.76666666666677,86.62500000000001,86.62,-0.14166666666675098,-0.14666666666676065,-0.005000000000009663,False,False,Up Red,,
2020-02-14,87.6,85.5,88.6,85.5,2.46,481520,86.7000000000001,86.53750000000001,86.6,-0.1625000000000938,-0.100000000000108,0.06249999999998579,False,False,Down Green,,
2020-02-13,86.0,86.2,86.4,85.5,0.23,421050,86.23333333333345,86.30000000000001,86.44500000000001,0.0666666666665634,0.21166666666655942,0.14499999999999602,False,False,Red,,
2020-02-12,86.5,86.7,86.7,86.2,0.23,395320,86.30000000000011,86.20000000000002,86.31,-0.10000000000009379,0.009999999999891429,0.10999999999998522,False,False,Up Red,,
2020-02-11,86.2,86.0,86.4,85.5,0.23,602090,86.46666666666677,86.32500000000002,86.11,-0.14166666666675098,-0.3566666666667686,-0.21500000000001762,False,False,Green,,
2020-02-10,86.2,86.1,86.7,85.8,0.12,373600,86.66666666666679,86.47500000000001,85.99,-0.19166666666677656,-0.6766666666667902,-0.48500000000001364,False,False,Green,,
2020-02-07,87.0,86.9,87.8,86.8,0.12,587610,86.60000000000012,86.875,85.85,0.2749999999998778,-0.7500000000001279,-1.0250000000000057,False,False,Green,,
2020-02-06,86.8,86.8,87.0,86.0,0.0,484420,86.16666666666679,86.9375,85.76,0.7708333333332149,-0.40666666666678,-1.1774999999999949,False,False,Doji,,
2020-02-05,86.0,86.8,86.8,85.4,0.92,2410370,85.63333333333344,86.8375,85.665,1.2041666666665662,0.03166666666656681,-1.1724999999999994,False,False,Up Red,,
2020-02-04,85.7,85.2,86.5,85.0,0.59,829790,86.13333333333344,86.8375,85.605,0.7041666666665662,-0.5283333333334355,-1.2325000000000017,False,False,Green,,
2020-02-03,85.2,85.2,85.9,82.0,0.0,755310,86.70000000000012,86.8875,85.595,0.1874999999998863,-1.1050000000001177,-1.292500000000004,False,False,Doji,,
2020-01-31,87.5,87.5,88.5,87.1,0.0,1284370,88.10000000000014,87.02499999999999,85.56,-1.075000000000145,-2.540000000000134,-1.4649999999999892,False,False,Doji,,
2020-01-30,87.4,87.2,87.8,85.8,0.23,1414000,88.10000000000014,86.87499999999999,85.39500000000001,-1.2250000000001506,-2.705000000000126,-1.4799999999999756,False,False,Green,,
2020-01-22,89.4,87.4,89.5,87.3,2.29,673070,87.63333333333348,86.73749999999998,85.21000000000001,-0.8958333333334991,-2.423333333333474,-1.527499999999975,False,False,Green,,
2020-01-21,87.5,86.0,87.5,86.0,1.74,653680,86.50000000000016,86.12499999999999,84.925,-0.37500000000017053,-1.5750000000001592,-1.1999999999999886,False,False,Green,,
2020-01-20,86.0,86.0,86.4,85.7,0.0,711830,86.03333333333347,85.59999999999998,84.74,-0.43333333333349344,-1.2933333333334787,-0.8599999999999852,False,False,Doji,,
2020-01-17,86.0,86.2,87.9,86.0,0.23,552190,86.13333333333348,85.16249999999998,84.65,-0.970833333333502,-1.4833333333334764,-0.5124999999999744,False,False,Down Red,,
2020-01-16,86.1,86.4,86.4,85.9,0.35,441860,86.23333333333348,84.88749999999997,84.545,-1.345833333333502,-1.6883333333334747,-0.3424999999999727,False,False,Up Red,,
2020-01-15,86.3,86.5,86.5,85.8,0.23,420650,86.30000000000017,84.54999999999997,84.43500000000002,-1.750000000000199,-1.8650000000001512,-0.11499999999995225,False,False,Up Red,,
2020-01-14,86.3,86.2,86.8,86.1,0.12,361600,85.70000000000016,84.41249999999998,84.39500000000001,-1.287500000000179,-1.305000000000149,-0.017499999999969873,False,False,Green,,
2020-01-13,86.3,84.8,86.8,84.5,1.77,882160,84.70000000000016,84.23749999999998,84.38500000000002,-0.4625000000001762,-0.31500000000013983,0.14750000000003638,False,False,Green,,
2020-01-10,84.5,83.3,84.9,82.7,1.44,699780,83.4333333333335,84.04999999999998,84.525,0.6166666666664895,1.0916666666665122,0.47500000000002274,False,False,Green,,
2020-01-09,83.3,83.4,83.7,82.9,0.12,421250,83.20000000000014,84.17499999999998,84.86000000000001,0.974999999999838,1.6599999999998687,0.6850000000000307,False,False,Red,,
2020-01-08,82.5,83.0,83.5,81.0,0.6,553690,83.23333333333348,84.32499999999999,85.25000000000001,1.0916666666665122,2.016666666666538,0.9250000000000256,False,False,Red,,
2020-01-07,83.8,83.0,84.8,83.0,0.96,590360,84.13333333333347,84.5375,85.70000000000002,0.40416666666652645,1.5666666666665492,1.1625000000000227,False,False,Down Green,,
2020-01-06,83.4,84.6,85.0,82.8,1.42,1025270,84.50000000000013,84.525,86.11000000000001,0.024999999999877787,1.6099999999998857,1.585000000000008,False,False,Red,,
2020-01-03,85.2,84.9,85.4,84.6,0.35,394470,84.9666666666668,84.56250000000001,86.54,-0.40416666666678225,1.5733333333332098,1.977499999999992,False,False,Green,,
2020-01-02,84.9,84.5,85.5,84.5,0.47,238600,85.06666666666679,84.3875,86.88000000000001,-0.6791666666667879,1.8133333333332189,2.492500000000007,False,False,Down Green,,
2019-12-31,84.8,85.5,85.8,84.5,0.82,430660,84.93333333333345,84.30000000000001,87.225,-0.6333333333334394,2.2916666666665435,2.924999999999983,False,False,Red,,
2019-12-30,85.5,84.4,86.6,84.4,1.3,896520,84.73333333333345,84.18750000000001,87.575,-0.5458333333334338,2.841666666666555,3.3874999999999886,False,False,Down Green,,
2019-12-27,84.5,84.2,84.9,83.4,0.36,519680,84.13333333333344,83.98750000000001,87.89500000000001,-0.14583333333342807,3.761666666666571,3.907499999999999,False,False,Green,,
2019-12-26,84.2,83.7,84.9,83.2,0.6,426570,83.86666666666677,84.11250000000001,88.26500000000001,0.24583333333323765,4.398333333333241,4.152500000000003,False,False,Green,,
2019-12-25,83.7,83.7,84.2,82.8,0.0,361820,83.73333333333345,84.35000000000001,88.635,0.6166666666665606,4.901666666666557,4.284999999999997,False,False,Doji,,
2019-12-24,83.7,83.3,83.8,81.8,0.48,838840,83.9000000000001,85.025,89.1,1.1249999999999005,5.199999999999889,4.074999999999989,False,False,Green,,
2019-12-23,83.8,85.0,85.0,83.6,1.41,568720,83.96666666666677,85.9625,89.58,1.9958333333332376,5.61333333333323,3.6174999999999926,False,False,Up Red,,
2019-12-20,84.2,84.0,85.6,84.0,0.24,1525190,84.0000000000001,86.87500000000001,90.05,2.8749999999999147,6.049999999999898,3.174999999999983,False,False,Down Green,,
2019-12-19,83.9,83.8,85.0,82.5,0.12,1047500,84.43333333333342,87.78750000000001,90.515,3.354166666666586,6.081666666666578,2.727499999999992,False,False,Green,,
2019-12-18,83.9,84.7,85.5,83.0,0.94,1339840,85.16666666666676,88.80000000000001,91.085,3.6333333333332547,5.918333333333237,2.2849999999999824,False,False,Red,,
2019-12-17,85.5,86.1,87.0,84.6,0.7,859640,86.90000000000008,89.81250000000001,91.69999999999999,2.9124999999999375,4.799999999999912,1.8874999999999744,False,False,Red,,
2019-12-16,86.1,87.6,88.5,85.6,1.71,1437780,88.80000000000007,90.62500000000001,92.24999999999999,1.824999999999946,3.4499999999999176,1.6249999999999716,False,False,Red,,
2019-12-13,89.1,91.2,91.4,89.1,2.3,419210,90.46666666666674,91.3375,92.75999999999999,0.8708333333332661,2.2933333333332513,1.4224999999999852,False,False,Full Red,,
2019-12-12,91.2,91.1,91.2,90.0,0.11,884980,91.26666666666675,91.675,93.11999999999999,0.4083333333332462,1.8533333333332394,1.4449999999999932,False,False,Green,,
2019-12-11,91.1,91.3,91.5,89.4,0.22,645660,91.53333333333342,91.76249999999999,93.38,0.22916666666657193,1.8466666666665787,1.6175000000000068,False,False,Red,,
2019-12-10,91.5,92.3,92.3,88.0,0.87,1548550,91.83333333333341,91.86249999999998,93.67999999999999,0.029166666666569085,1.8466666666665787,1.8175000000000097,False,False,Up Red,,
2019-12-09,92.0,92.0,93.0,91.5,0.0,625460,92.00000000000007,91.87499999999999,93.99499999999999,-0.12500000000008527,1.9949999999999193,2.1200000000000045,False,False,Doji,,
2019-12-06,92.0,92.0,92.2,91.6,0.0,2525080,91.93333333333341,91.99999999999999,94.33,0.06666666666657761,2.39666666666659,2.3300000000000125,False,False,Doji,,
2019-12-05,92.0,92.8,93.5,91.8,0.86,3418400,91.86666666666675,92.16249999999998,94.655,0.2958333333332348,2.788333333333256,2.492500000000021,False,False,Red,,
2019-12-04,91.8,91.7,92.3,90.6,0.11,2450900,91.83333333333341,92.31249999999999,95.03,0.4791666666665719,3.1966666666665873,2.7175000000000153,False,False,Green,,
2019-12-03,91.8,91.2,92.3,89.5,0.66,3357960,91.86666666666675,92.52499999999999,95.41,0.6583333333332462,3.5433333333332513,2.885000000000005,False,False,Green,,
2019-12-02,91.9,92.5,93.0,91.4,0.65,4407620,91.80000000000007,92.96249999999999,95.715,1.1624999999999233,3.914999999999935,2.752500000000012,False,False,Red,,
2019-11-29,91.9,91.6,92.0,90.8,0.33,2839310,92.16666666666673,93.5,95.92,1.3333333333332718,3.7533333333332735,2.4200000000000017,False,False,Green,,
2019-11-28,91.6,93.0,93.0,91.5,1.51,2598710,92.63333333333338,94.075,96.08500000000001,1.4416666666666202,3.4516666666666254,2.010000000000005,False,False,Full Red,,
2019-11-27,93.0,93.5,93.5,92.8,0.53,2135110,93.1666666666667,94.6625,95.95500000000001,1.4958333333332945,2.7883333333333127,1.2925000000000182,False,False,Up Red,,
2019-11-26,93.3,94.0,94.1,93.3,0.74,3284780,93.33333333333337,95.07499999999999,95.745,1.7416666666666174,2.4116666666666333,0.6700000000000159,False,False,Down Red,,
2019-11-25,93.2,92.5,93.9,91.7,0.76,2300820,94.00000000000004,95.46249999999999,95.46000000000001,1.4624999999999488,1.4599999999999653,-0.0024999999999835154,False,False,Green,,
2019-11-22,93.5,93.5,95.9,90.3,0.0,3791930,95.00000000000004,95.94999999999999,95.1,0.949999999999946,0.09999999999995168,-0.8499999999999943,False,False,Doji,,
2019-11-21,95.3,96.2,96.4,95.1,0.94,3202820,96.00000000000004,96.48749999999998,94.725,0.4874999999999403,-1.2750000000000483,-1.7624999999999886,False,False,Red,,
2019-11-20,96.2,97.2,97.2,95.2,1.03,2010940,96.33333333333337,96.9125,94.265,0.5791666666666231,-2.0683333333333707,-2.6474999999999937,False,False,Up Red,,
2019-11-19,96.5,96.5,98.4,95.9,0.0,2305620,96.36666666666672,97.19999999999999,93.75,0.8333333333332718,-2.616666666666717,-3.4499999999999886,False,False,Doji,,
2019-11-18,96.3,96.5,96.8,95.7,0.21,1168830,96.33333333333337,97.57499999999999,93.225,1.2416666666666174,-3.108333333333377,-4.349999999999994,False,False,Red,,
2019-11-15,96.3,97.2,97.4,96.2,0.93,1018490,96.60000000000004,97.96249999999999,92.735,1.3624999999999545,-3.8650000000000375,-5.227499999999992,False,False,Down Red,,
2019-11-14,96.4,98.3,99.3,96.2,1.93,1480640,97.10000000000004,98.1625,92.27000000000001,1.0624999999999574,-4.830000000000027,-5.892499999999984,False,False,Down Red,,
2019-11-13,97.1,97.8,98.2,96.6,0.72,1305680,97.86666666666672,98.1125,91.775,0.24583333333328028,-6.091666666666711,-6.3374999999999915,False,False,Red,,
2019-11-12,97.8,99.0,99.4,97.5,1.21,1380830,98.33333333333339,97.875,91.24000000000001,-0.45833333333338544,-7.093333333333376,-6.634999999999991,False,False,Red,,
2019-11-11,98.7,98.4,99.7,97.9,0.3,765160,98.90000000000005,96.775,90.67000000000002,-2.1250000000000426,-8.230000000000032,-6.10499999999999,False,False,Green,,
2019-11-08,98.5,99.5,99.9,98.0,1.01,1233370,99.1333333333334,95.5375,90.13000000000002,-3.5958333333334025,-9.003333333333373,-5.40749999999997,False,False,Red,,
2019-11-07,99.5,99.1,102.3,99.1,0.4,2081650,98.93333333333341,94.175,89.62500000000003,-4.758333333333411,-9.30833333333338,-4.549999999999969,False,False,Down Green,,
2019-11-06,99.4,97.4,101.0,97.4,2.05,1675310,97.76666666666675,92.4875,89.07500000000002,-5.279166666666754,-8.691666666666734,-3.41249999999998,False,False,Down Green,,
2019-11-05,97.9,96.0,98.5,95.8,1.98,1836960,96.36666666666675,90.8125,88.53000000000002,-5.554166666666745,-7.83666666666673,-2.2824999999999847,False,False,Down Green,,
2019-11-04,96.0,95.7,97.5,94.7,0.31,1124510,93.40000000000008,89.3375,88.06500000000001,-4.062500000000071,-5.335000000000065,-1.2724999999999937,False,False,Green,,
2019-11-01,95.2,89.4,95.2,89.2,6.49,2594030,91.00000000000007,88.075,87.715,-2.925000000000068,-3.2850000000000676,-0.35999999999999943,False,False,Full Green,,
2019-10-31,89.0,88.8,89.8,88.7,0.23,1008560,88.46666666666675,86.925,87.415,-1.5416666666667567,-1.0516666666667476,0.4900000000000091,False,False,Green,,
2019-10-30,88.8,88.0,89.1,87.7,0.91,737640,87.46666666666675,86.6125,87.43,-0.8541666666667567,-0.036666666666747005,0.8175000000000097,False,False,Green,,
2019-10-29,87.6,87.0,88.0,86.9,0.69,1014970,86.53333333333342,86.3875,87.44000000000001,-0.14583333333341386,0.9066666666665952,1.052500000000009,False,False,Green,,
2019-10-28,86.0,86.0,86.7,85.5,0.0,728480,86.03333333333342,86.25,87.52000000000001,0.2166666666665833,1.4866666666665935,1.2700000000000102,False,False,Doji,,
2019-10-25,86.0,86.0,86.2,85.4,0.0,681140,86.00000000000007,86.3,87.68500000000002,0.2999999999999261,1.6849999999999454,1.3850000000000193,False,False,Doji,,
2019-10-24,86.1,85.7,86.1,85.2,0.47,543560,86.00000000000007,86.35,87.85000000000001,0.34999999999992326,1.8499999999999375,1.5000000000000142,False,False,Green,,
2019-10-23,85.9,86.0,86.0,85.0,0.12,535550,86.1333333333334,86.57499999999999,87.98000000000002,0.4416666666665918,1.8466666666666214,1.4050000000000296,False,False,Up Red,,
2019-10-22,86.0,86.5,86.8,85.9,0.58,350630,86.50000000000007,86.88749999999999,88.16000000000001,0.3874999999999176,1.6599999999999397,1.2725000000000222,False,False,Red,,
2019-10-21,86.5,87.0,87.0,85.6,0.57,484630,86.66666666666674,87.19999999999999,88.33500000000001,0.5333333333332462,1.6683333333332655,1.1350000000000193,False,False,Up Red,,
2019-10-18,87.0,86.5,87.3,86.2,0.58,327740,86.6333333333334,87.44999999999999,88.48500000000001,0.8166666666665918,1.8516666666666168,1.035000000000025,False,False,Green,,
2019-10-17,86.5,86.3,88.0,85.3,0.23,688380,86.4333333333334,87.64999999999999,88.61500000000001,1.2166666666665975,2.181666666666615,0.9650000000000176,False,False,Green,,
2019-10-16,86.4,86.4,86.4,85.3,0.0,630230,86.90000000000005,87.96249999999999,88.805,1.0624999999999432,1.9049999999999585,0.8425000000000153,False,False,Up Doji,,
2019-10-15,86.4,87.5,87.8,85.8,1.26,643130,87.56666666666672,88.3125,89.00500000000001,0.7458333333332803,1.43833333333329,0.6925000000000097,False,False,Red,,
2019-10-14,87.9,88.4,88.4,87.5,0.57,285650,88.26666666666672,88.675,89.2,0.4083333333332746,0.9333333333332803,0.5250000000000057,False,False,Up Red,,
2019-10-11,88.4,88.6,88.6,88.0,0.23,450000,88.46666666666674,88.8125,89.22999999999999,0.3458333333332604,0.7633333333332502,0.41749999999998977,False,False,Up Red,,
2019-10-10,88.5,88.6,88.6,87.6,0.11,359140,88.53333333333342,88.91250000000001,89.21,0.3791666666665918,0.676666666666577,0.2974999999999852,False,False,Up Red,,
2019-10-09,88.5,88.6,88.8,88.1,0.11,293220,88.70000000000009,89.0125,89.13,0.31249999999991473,0.42999999999990735,0.11749999999999261,False,False,Red,,
2019-10-08,88.6,89.0,89.0,88.1,0.45,315010,88.93333333333341,89.1125,89.02,0.17916666666658898,0.08666666666658784,-0.09250000000000114,False,False,Up Red,,
2019-10-07,89.0,89.5,89.0,88.2,0.56,481420,89.16666666666674,89.125,88.99,-0.04166666666674246,-0.17666666666674757,-0.13500000000000512,False,False,Up Red,,
2019-10-04,89.2,89.5,89.5,88.4,0.34,428530,89.16666666666674,89.1875,88.96000000000001,0.020833333333257542,-0.2066666666667345,-0.22749999999999204,False,False,Up Red,,
2019-10-03,89.3,88.5,89.3,88.0,0.9,327140,89.16666666666674,89.225,88.94,0.05833333333325186,-0.22666666666674473,-0.2849999999999966,False,False,Green,,
2019-10-02,89.0,89.2,89.3,88.5,0.22,462090,89.16666666666674,89.25,88.925,0.08333333333325754,-0.2416666666667453,-0.32500000000000284,False,False,Red,,
2019-10-01,89.2,89.5,89.5,88.7,0.34,231930,89.26666666666675,89.325,88.925,0.05833333333325186,-0.3416666666667538,-0.4000000000000057,False,False,Up Red,,
2019-09-30,89.3,90.0,90.0,88.9,0.78,491120,89.10000000000008,89.46249999999999,88.845,0.3624999999999119,-0.2550000000000807,-0.6174999999999926,False,False,Up Red,,
2019-09-27,89.3,88.7,89.8,88.3,0.68,384950,89.16666666666674,89.6,88.77,0.43333333333325186,-0.39666666666674644,-0.8299999999999983,False,False,Green,,
2019-09-26,88.7,89.5,89.9,87.5,0.89,533860,89.2333333333334,89.725,88.645,0.491666666666589,-0.5883333333334093,-1.0799999999999983,False,False,Red,,
2019-09-25,89.5,89.1,89.9,88.7,0.45,227170,89.50000000000007,89.69999999999999,88.54999999999998,0.19999999999991758,-0.9500000000000881,-1.1500000000000057,False,False,Green,,
2019-09-24,89.5,89.5,89.8,88.9,0.0,286560,89.5333333333334,89.51249999999999,88.40499999999999,-0.02083333333341386,-1.1283333333334156,-1.1075000000000017,False,False,Doji,,
2019-09-23,89.5,89.6,89.9,88.8,0.11,267270,89.80000000000007,89.18749999999999,88.225,-0.6125000000000824,-1.575000000000074,-0.9624999999999915,False,False,Red,,
2019-09-20,89.6,90.4,90.4,89.5,0.88,1032290,90.10000000000008,88.78749999999998,88.1,-1.3125000000000995,-2.0000000000000853,-0.6874999999999858,False,False,Full Red,,
2019-09-19,90.3,90.4,90.4,88.3,0.11,506070,90.33333333333343,88.58749999999998,88.015,-1.7458333333334508,-2.3183333333334275,-0.5724999999999767,False,False,Up Red,,
2019-09-18,90.4,87.1,90.5,89.9,3.79,437190,89.73333333333342,88.34999999999998,87.865,-1.3833333333334394,-1.8683333333334247,-0.4849999999999852,False,False,Full Green,,
2019-09-17,90.3,87.1,90.5,88.4,3.67,921810,88.93333333333344,88.14999999999998,87.67999999999999,-0.7833333333334593,-1.253333333333444,-0.46999999999998465,False,False,Full Green,,
2019-09-16,88.5,87.1,88.9,87.1,1.61,563460,87.80000000000008,87.98749999999998,87.375,0.18749999999990052,-0.4250000000000824,-0.612499999999983,False,False,Down Green,,
2019-09-13,88.0,87.4,88.0,86.1,0.69,361780,87.06666666666676,88.04999999999998,87.125,0.9833333333332206,0.05833333333323765,-0.924999999999983,False,False,Green,,
2019-09-12,86.9,87.4,87.4,86.3,0.57,289830,87.06666666666676,87.99999999999999,86.925,0.9333333333332234,-0.1416666666667652,-1.0749999999999886,False,False,Up Red,,
2019-09-11,86.3,87.5,87.8,85.8,1.37,549770,87.56666666666676,88.11249999999998,86.72999999999999,0.5458333333332206,-0.8366666666667726,-1.3824999999999932,False,False,Red,,
2019-09-10,88.0,88.4,88.5,87.3,0.45,317650,88.40000000000009,88.17499999999998,86.56,-0.225000000000108,-1.8400000000000887,-1.6149999999999807,False,False,Red,,
2019-09-09,88.4,89.0,88.8,87.9,0.67,336920,88.73333333333342,88.02499999999998,86.37,-0.7083333333334423,-2.363333333333415,-1.6549999999999727,False,False,Up Red,,
2019-09-06,88.8,89.0,89.0,88.0,0.22,243750,88.93333333333344,87.79999999999998,86.15,-1.1333333333334537,-2.783333333333431,-1.6499999999999773,False,False,Up Red,,
2019-09-05,89.0,89.0,89.6,88.6,0.0,429760,88.53333333333343,87.43749999999999,85.935,-1.0958333333334451,-2.5983333333334286,-1.5024999999999835,False,False,Doji,,
2019-09-04,89.0,87.7,89.2,87.2,1.48,862730,88.13333333333344,87.18749999999999,85.685,-0.9458333333334537,-2.448333333333437,-1.5024999999999835,False,False,Green,,
2019-09-03,87.6,87.8,87.9,87.2,0.23,243420,87.4000000000001,87.04999999999998,85.41,-0.3500000000001222,-1.9900000000001086,-1.6399999999999864,False,False,Red,,
2019-08-30,87.8,86.8,88.0,86.8,1.15,436220,87.13333333333344,87.01249999999997,85.29,-0.12083333333346502,-1.8433333333334332,-1.7224999999999682,False,False,Down Green,,
2019-08-29,86.8,86.8,87.0,85.3,0.0,344570,86.73333333333342,86.87499999999999,85.41000000000001,0.14166666666656624,-1.3233333333334087,-1.464999999999975,False,False,Doji,,
2019-08-28,86.8,86.0,87.5,86.0,0.93,297410,86.43333333333341,86.55,85.59500000000001,0.11666666666658898,-0.8383333333333951,-0.9549999999999841,False,False,Down Green,,
2019-08-27,86.6,85.9,87.9,85.9,0.81,871250,86.50000000000007,86.1375,85.66500000000002,-0.3625000000000682,-0.8350000000000506,-0.4724999999999824,False,False,Down Green,,
2019-08-26,85.9,85.0,86.2,85.0,1.06,375290,86.93333333333341,85.8125,85.53500000000003,-1.1208333333334082,-1.3983333333333832,-0.277499999999975,False,False,Down Green,,
2019-08-23,87.0,88.0,88.0,87.0,1.14,582580,87.40000000000009,85.45,85.63000000000002,-1.950000000000088,-1.770000000000067,0.18000000000002103,False,False,Full Red,,
2019-08-22,87.9,87.5,87.9,86.8,0.46,380330,87.30000000000008,84.9375,85.65500000000002,-2.3625000000000824,-1.645000000000067,0.7175000000000153,False,False,Green,,
2019-08-21,87.3,86.6,88.0,86.4,0.81,548090,86.06666666666676,84.47500000000001,85.63500000000002,-1.5916666666667538,-0.431666666666743,1.1600000000000108,False,False,Green,,
2019-08-20,86.7,84.2,86.8,84.2,2.97,642320,84.80000000000008,84.06250000000001,85.56000000000002,-0.7375000000000682,0.7599999999999341,1.4975000000000023,False,False,Green,,
2019-08-19,84.2,84.0,84.3,83.5,0.24,341980,83.90000000000009,83.78750000000001,85.51500000000001,-0.11250000000008242,1.6149999999999238,1.7275000000000063,False,False,Green,,
2019-08-16,83.5,83.6,85.2,83.5,0.12,589570,83.50000000000009,83.7625,85.535,0.2624999999999176,2.0349999999999113,1.7724999999999937,False,False,Down Red,,
2019-08-15,84.0,82.0,84.0,81.0,2.44,368870,83.30000000000008,83.7625,85.58500000000001,0.4624999999999204,2.2849999999999255,1.8225000000000051,False,False,Green,,
2019-08-14,83.0,83.5,84.4,83.0,0.6,487320,83.36666666666675,83.91250000000001,85.58500000000001,0.5458333333332632,2.2183333333332627,1.6724999999999994,False,False,Down Red,,
2019-08-13,82.9,84.0,84.0,82.1,1.31,723240,83.70000000000009,84.81250000000001,85.635,1.112499999999926,1.934999999999917,0.8224999999999909,False,False,Up Red,,
2019-08-12,84.2,83.4,84.3,83.3,0.96,229140,84.2333333333334,85.76250000000002,85.685,1.5291666666666117,1.451666666666597,-0.07750000000001478,False,False,Green,,
2019-08-09,84.0,85.0,85.0,83.6,1.18,352540,84.16666666666674,86.26250000000002,85.575,2.0958333333332746,1.4083333333332604,-0.6875000000000142,False,False,Up Red,,
2019-08-08,84.5,84.0,85.5,82.7,0.6,556040,84.00000000000007,86.26250000000002,85.53,2.262499999999946,1.52999999999993,-0.7325000000000159,False,False,Green,,
2019-08-07,84.0,85.0,85.3,83.3,1.18,724520,84.2333333333334,86.67500000000001,85.46,2.441666666666606,1.2266666666665884,-1.2150000000000176,False,False,Red,,
2019-08-06,83.5,84.5,84.7,82.9,1.18,960830,86.30000000000007,87.11250000000001,85.42999999999999,0.8124999999999432,-0.8700000000000756,-1.6825000000000188,False,False,Red,,
2019-08-05,85.2,89.0,90.0,85.2,4.27,902620,88.6333333333334,87.61250000000001,85.41,-1.0208333333333854,-3.2233333333334,-2.202500000000015,False,False,Down Red,,
2019-08-02,90.2,88.6,90.2,88.1,1.81,627380,89.6333333333334,87.6875,85.29999999999998,-1.9458333333333968,-4.333333333333414,-2.387500000000017,False,False,Green,,
2019-08-01,90.5,89.0,90.8,88.0,1.69,913610,87.56666666666673,87.13749999999999,85.08999999999999,-0.4291666666667453,-2.4766666666667447,-2.0474999999999994,False,False,Green,,
2019-07-31,88.2,85.0,89.2,85.0,3.76,991720,86.66666666666674,86.39999999999999,84.81499999999998,-0.266666666666751,-1.851666666666759,-1.585000000000008,False,False,Down Green,,
2019-07-30,84.0,89.4,89.4,84.0,6.04,987720,86.43333333333341,85.93749999999999,84.50499999999998,-0.4958333333334224,-1.928333333333427,-1.4325000000000045,False,False,Full Red,,
2019-07-29,87.8,87.5,88.0,86.8,0.34,423030,87.60000000000008,85.93749999999999,84.35999999999999,-1.6625000000000938,-3.2400000000000944,-1.5775000000000006,False,False,Green,,
2019-07-26,87.5,87.5,87.9,86.6,0.0,473900,86.93333333333341,85.46249999999999,84.01999999999998,-1.4708333333334167,-2.9133333333334264,-1.4425000000000097,False,False,Doji,,
2019-07-25,87.5,85.8,88.9,85.5,1.98,1379690,86.36666666666675,85.01249999999999,83.60999999999999,-1.3541666666667567,-2.75666666666676,-1.4025000000000034,False,False,Green,,
2019-07-24,85.8,86.0,86.7,85.2,0.23,542990,85.40000000000008,84.32499999999999,83.10999999999999,-1.075000000000088,-2.2900000000000915,-1.2150000000000034,False,False,Red,,
2019-07-23,85.8,84.6,86.0,84.3,1.42,826210,84.96666666666674,83.9875,82.76999999999998,-0.9791666666667425,-2.196666666666758,-1.2175000000000153,False,False,Green,,
2019-07-22,84.6,84.5,84.6,83.8,0.12,471720,84.36666666666673,83.65,82.45499999999998,-0.7166666666667254,-1.911666666666747,-1.1950000000000216,False,False,Green,,
2019-07-19,84.5,83.0,85.3,83.4,1.81,1028110,84.16666666666673,83.5,82.19999999999999,-0.6666666666667282,-1.9666666666667396,-1.3000000000000114,False,False,Down Green,,
2019-07-18,84.0,83.0,84.0,83.0,1.2,513470,83.96666666666674,83.325,81.89999999999999,-0.6416666666667368,-2.066666666666748,-1.4250000000000114,False,False,Green,,
2019-07-17,84.0,83.9,85.5,83.9,0.12,816530,83.30000000000008,83.2,81.61999999999999,-0.10000000000007958,-1.680000000000092,-1.5800000000000125,False,False,Down Green,,
2019-07-16,83.9,82.0,84.0,82.0,2.32,833350,83.00000000000009,83.45,81.32499999999999,0.4499999999999176,-1.6750000000000966,-2.125000000000014,False,False,Green,,
2019-07-15,82.0,83.1,83.0,81.3,1.32,713050,82.73333333333342,83.5875,81.02999999999999,0.8541666666665861,-1.7033333333334326,-2.5575000000000188,False,False,Up Red,,
2019-07-12,83.1,83.1,83.7,82.4,0.0,626820,83.20000000000009,83.5875,80.82999999999998,0.3874999999999176,-2.370000000000104,-2.7575000000000216,False,False,Doji,,
2019-07-11,83.1,83.7,83.9,83.1,0.72,392510,83.20000000000009,83.3375,80.66999999999999,0.13749999999991758,-2.5300000000001006,-2.667500000000018,False,False,Down Red,,
2019-07-10,83.4,83.1,83.8,83.1,0.36,321230,83.16666666666674,83.075,80.515,-0.09166666666673962,-2.651666666666742,-2.5600000000000023,False,False,Down Green,,
2019-07-09,83.1,83.0,83.8,82.5,0.12,579540,84.03333333333342,82.5625,80.345,-1.4708333333334167,-3.688333333333418,-2.217500000000001,False,False,Green,,
2019-07-08,83.0,85.0,85.2,83.0,2.35,666020,84.66666666666674,81.8625,80.285,-2.8041666666667453,-4.381666666666746,-1.5775000000000006,False,False,Full Red,,
2019-07-05,86.0,84.2,86.0,83.5,2.14,1234430,84.3333333333334,81.3625,80.235,-2.9708333333334025,-4.0983333333334,-1.1274999999999977,False,False,Green,,
2019-07-04,85.0,80.6,85.0,81.9,5.46,2075630,82.70000000000006,80.55,80.045,-2.1500000000000625,-2.655000000000058,-0.5049999999999955,False,False,Full Green,,
2019-07-03,82.0,80.6,82.0,80.1,1.74,1517660,81.36666666666673,79.8625,79.81,-1.504166666666734,-1.5566666666667288,-0.052499999999994884,False,False,Green,,
2019-07-02,81.1,81.1,81.2,80.0,0.0,1087630,80.46666666666674,79.425,79.74,-1.0416666666667425,-0.7266666666667447,0.3149999999999977,False,False,Doji,,
2019-07-01,81.0,81.0,81.0,79.3,0.0,1090570,79.26666666666675,79.08749999999999,79.715,-0.1791666666667595,0.4483333333332524,0.6275000000000119,False,False,Up Doji,,
2019-06-28,79.3,79.3,79.5,76.5,0.0,928700,78.60000000000008,78.725,79.695,0.12499999999991473,1.0949999999999136,0.9699999999999989,False,False,Doji,,
2019-06-27,77.5,77.5,79.0,77.5,0.0,815110,78.66666666666674,78.5625,79.83,-0.10416666666674246,1.1633333333332558,1.2674999999999983,False,False,Down Doji,,
2019-06-26,79.0,79.0,79.6,78.7,0.0,1174210,79.33333333333341,78.625,80.085,-0.7083333333334139,0.7516666666665799,1.4599999999999937,False,False,Doji,,
2019-06-25,79.5,79.8,80.1,79.5,0.38,866490,79.16666666666673,78.7375,80.31499999999998,-0.4291666666667311,1.1483333333332553,1.5774999999999864,False,False,Down Red,,
2019-06-24,79.5,78.6,80.4,78.6,1.15,1452270,78.80000000000008,78.8,80.51499999999999,-8.526512829121202e-14,1.714999999999904,1.7149999999999892,False,False,Down Green,,
2019-06-21,78.5,78.5,79.3,78.5,0.0,3742200,78.33333333333341,78.8625,80.75999999999999,0.5291666666665833,2.426666666666577,1.8974999999999937,False,False,Down Doji,,
2019-06-20,78.4,78.4,78.9,78.0,0.0,1561250,78.16666666666674,79.2875,81.05999999999999,1.1208333333332519,2.8933333333332456,1.7724999999999937,False,False,Doji,,
2019-06-19,78.1,78.1,78.3,77.8,0.0,729570,78.0333333333334,79.7375,81.46499999999999,1.7041666666665947,3.4316666666665867,1.727499999999992,False,False,Doji,,
2019-06-18,78.0,77.8,78.0,76.3,0.26,1640620,78.6333333333334,80.25,81.88499999999999,1.6166666666666032,3.251666666666594,1.634999999999991,False,False,Green,,
2019-06-17,78.0,79.9,79.9,77.6,2.38,458320,79.30000000000007,80.5375,82.32,1.237499999999926,3.019999999999925,1.7824999999999989,False,False,Up Red,,
2019-06-14,79.9,78.8,79.9,78.6,1.4,482820,79.96666666666673,80.8625,82.75999999999999,0.8958333333332718,2.7933333333332655,1.8974999999999937,False,False,Green,,
2019-06-13,80.0,79.5,80.0,76.6,0.63,2022580,80.63333333333338,80.95,83.1,0.31666666666662024,2.4666666666666117,2.1499999999999915,False,False,Green,,
2019-06-12,80.0,81.5,81.5,79.5,1.84,893930,81.30000000000005,81.025,83.44999999999999,-0.2750000000000483,2.1499999999999346,2.424999999999983,False,False,Up Red,,
2019-06-11,81.9,82.0,82.0,81.3,0.12,375370,82.03333333333337,81.275,83.74999999999999,-0.7583333333333684,1.7166666666666117,2.47499999999998,False,False,Up Red,,
2019-06-10,82.0,83.0,83.0,81.4,1.2,596360,81.50000000000004,81.36250000000001,83.90499999999999,-0.13750000000003126,2.4049999999999443,2.5424999999999756,False,False,Up Red,,
2019-06-07,82.2,80.5,83.0,79.9,2.11,572380,81.03333333333337,81.56250000000001,84.05499999999998,0.5291666666666401,3.0216666666666043,2.492499999999964,False,False,Green,,
2019-06-06,80.3,80.5,80.8,78.9,0.25,582690,80.50000000000003,81.72500000000001,84.14499999999998,1.22499999999998,3.6449999999999534,2.4199999999999733,False,False,Red,,
2019-06-05,80.6,81.2,81.5,80.3,0.74,452630,80.60000000000002,82.23750000000001,84.35499999999999,1.6374999999999886,3.754999999999967,2.1174999999999784,False,False,Red,,
2019-06-04,80.6,80.5,81.0,78.9,0.12,557890,81.06666666666669,82.72500000000001,84.60499999999999,1.6583333333333172,3.5383333333332985,1.8799999999999812,False,False,Green,,
2019-06-03,80.6,82.0,82.0,79.6,1.71,527220,81.73333333333336,83.4625,84.97,1.729166666666643,3.236666666666636,1.5074999999999932,False,False,Up Red,,
2019-05-31,82.0,83.2,83.2,81.0,1.44,720930,82.73333333333335,84.2,85.39,1.4666666666666544,2.656666666666652,1.1899999999999977,False,False,Up Red,,
2019-05-30,82.6,83.6,83.8,82.5,1.2,930290,83.23333333333333,84.78750000000001,85.81,1.5541666666666742,2.576666666666668,1.0224999999999937,False,False,Down Red,,
2019-05-29,83.6,84.0,84.2,83.4,0.48,921510,83.83333333333333,85.3125,86.25000000000001,1.4791666666666714,2.4166666666666856,0.9375000000000142,False,False,Red,,
2019-05-28,83.5,84.4,84.6,83.5,1.07,1436600,84.13333333333333,85.7,86.67000000000002,1.566666666666677,2.53666666666669,0.9700000000000131,False,False,Down Red,,
2019-05-27,84.4,84.5,84.9,84.4,0.12,487560,85.13333333333333,86.1375,87.00500000000002,1.004166666666677,1.8716666666666981,0.867500000000021,False,False,Down Red,,
2019-05-24,84.5,86.7,86.7,84.5,2.54,854870,85.83333333333333,86.3375,87.27000000000001,0.5041666666666771,1.4366666666666816,0.9325000000000045,False,False,Full Red,,
2019-05-23,86.5,86.6,86.6,86.1,0.12,377180,86.56666666666666,86.4,87.49500000000002,-0.1666666666666572,0.9283333333333559,1.095000000000013,False,False,Up Red,,
2019-05-22,86.5,86.5,87.9,86.2,0.0,702510,86.66666666666667,86.2125,87.67000000000002,-0.4541666666666657,1.0033333333333445,1.4575000000000102,False,False,Doji,,
2019-05-21,86.7,87.9,88.1,86.7,1.37,1056700,86.73333333333333,85.9,87.79500000000002,-0.8333333333333286,1.0616666666666816,1.8950000000000102,False,False,Down Red,,
2019-05-20,86.8,86.5,86.8,85.8,0.35,638340,86.83333333333333,85.625,87.91000000000001,-1.2083333333333286,1.0766666666666822,2.285000000000011,False,False,Green,,
2019-05-17,86.7,87.0,87.0,86.3,0.34,791790,86.56666666666666,85.47500000000001,88.06000000000002,-1.0916666666666544,1.4933333333333536,2.585000000000008,False,False,Up Red,,
2019-05-16,87.0,86.0,87.1,85.7,1.16,953330,86.0,85.625,88.275,-0.375,2.2750000000000057,2.6500000000000057,False,False,Green,,
2019-05-15,86.0,85.2,86.5,85.2,0.94,1134300,85.33333333333333,85.875,88.59,0.5416666666666714,3.256666666666675,2.7150000000000034,False,False,Down Green,,
2019-05-14,85.0,84.0,86.0,84.0,1.19,1322520,84.66666666666667,86.425,88.965,1.7583333333333258,4.298333333333332,2.5400000000000063,False,False,Down Green,,
2019-05-13,85.0,83.8,85.2,83.8,1.43,691670,84.50000000000001,87.225,89.34,2.72499999999998,4.839999999999989,2.115000000000009,False,False,Down Green,,
2019-05-10,84.0,85.6,86.0,83.8,1.87,980260,84.7,88.1,89.78,3.3999999999999915,5.079999999999998,1.6800000000000068,False,False,Red,,
2019-05-09,84.5,85.0,85.6,83.6,0.59,983320,86.0,88.875,90.31,2.875,4.310000000000002,1.4350000000000023,False,False,Red,,
2019-05-08,85.6,87.0,87.3,85.4,1.61,894240,87.5,89.525,90.715,2.0250000000000057,3.2150000000000034,1.1899999999999977,False,False,Red,,
2019-05-07,87.9,89.8,89.8,87.7,2.12,576290,89.09999999999998,89.95,91.035,0.8500000000000227,1.9350000000000165,1.0849999999999937,False,False,Full Red,,
2019-05-06,89.0,90.0,90.0,88.6,1.11,522550,90.26666666666664,90.2125,91.24,-0.05416666666663161,0.9733333333333576,1.0274999999999892,False,False,Up Red,,
2019-05-03,90.4,91.8,91.8,90.4,1.53,621150,91.26666666666664,90.2125,91.4,-1.0541666666666316,0.1333333333333684,1.1875,False,False,Full Red,,
2019-05-02,91.4,92.0,92.3,90.9,0.65,452510,91.19999999999995,90.03750000000001,91.5,-1.1624999999999375,0.300000000000054,1.4624999999999915,False,False,Red,,
2019-04-26,92.0,90.2,92.0,89.9,2.0,1070350,90.63333333333327,89.8375,91.505,-0.7958333333332632,0.8716666666667265,1.6674999999999898,False,False,Green,,
2019-04-25,90.2,89.5,90.2,89.4,0.78,680080,89.63333333333327,89.7125,91.55999999999999,0.07916666666673677,1.9266666666667192,1.8474999999999824,False,False,Green,,
2019-04-24,89.7,89.7,90.2,89.7,0.0,629420,89.5666666666666,90.1,91.55499999999998,0.5333333333333883,1.9883333333333724,1.454999999999984,False,False,Down Doji,,
2019-04-23,89.0,89.7,90.0,88.9,0.78,494910,89.33333333333327,90.57499999999999,91.56499999999998,1.2416666666667169,2.2316666666667118,0.9899999999999949,False,False,Red,,
2019-04-22,90.0,89.7,90.0,88.6,0.33,211620,89.33333333333327,91.01249999999999,91.56499999999998,1.6791666666667169,2.2316666666667118,0.5524999999999949,False,False,Green,,
2019-04-19,89.0,89.0,90.4,89.0,0.0,258960,89.26666666666661,91.48749999999998,91.61999999999998,2.220833333333374,2.3533333333333672,0.13249999999999318,False,False,Down Doji,,
2019-04-18,89.0,89.9,90.5,88.1,1.0,609680,89.93333333333328,92.18749999999999,91.57999999999998,2.2541666666667055,1.6466666666667038,-0.6075000000000017,False,False,Red,,
2019-04-17,89.8,91.0,91.9,89.7,1.32,761350,91.36666666666662,92.63749999999999,91.73999999999998,1.2708333333333712,0.37333333333336327,-0.897500000000008,False,False,Down Red,,
2019-04-16,91.0,90.0,91.9,87.8,1.11,913790,92.59999999999995,92.9125,91.94999999999999,0.31250000000004263,-0.649999999999963,-0.9625000000000057,False,False,Green,,
2019-04-12,93.3,93.4,93.6,92.0,0.11,299590,93.09999999999995,93.0375,92.11499999999998,-0.06249999999995737,-0.984999999999971,-0.9225000000000136,False,False,Red,,
2019-04-11,93.5,92.8,93.8,92.2,0.75,233360,93.26666666666661,92.9,92.11499999999998,-0.3666666666666032,-1.1516666666666282,-0.785000000000025,False,False,Green,,
2019-04-10,92.5,93.8,93.8,92.3,1.39,328400,93.63333333333328,92.7625,92.13999999999999,-0.8708333333332803,-1.4933333333332968,-0.6225000000000165,False,False,Up Red,,
2019-04-09,93.8,95.0,96.0,93.0,1.26,973210,93.66666666666661,92.6375,92.21499999999999,-1.0291666666666117,-1.4516666666666254,-0.42250000000001364,False,False,Red,,
2019-04-08,94.6,93.0,94.6,92.7,1.72,657320,93.0666666666666,92.55000000000001,92.13999999999999,-0.5166666666665947,-0.9266666666666197,-0.410000000000025,False,False,Green,,
2019-04-05,92.6,92.5,93.2,92.1,0.11,454260,92.19999999999995,91.98750000000001,91.91,-0.21249999999993463,-0.2899999999999494,-0.07750000000001478,False,False,Green,,
2019-04-04,92.0,92.0,92.8,91.3,0.0,489550,92.0666666666666,91.65,91.85499999999999,-0.41666666666660035,-0.21166666666661627,0.20499999999998408,False,False,Doji,,
2019-04-03,92.0,92.2,92.2,91.1,0.22,281350,92.19999999999993,91.275,91.85499999999999,-0.9249999999999261,-0.344999999999942,0.5799999999999841,False,False,Up Red,,
2019-04-02,92.2,93.4,93.7,92.0,1.28,359690,92.03333333333326,91.16250000000001,91.845,-0.8708333333332519,-0.18833333333326152,0.6824999999999903,False,False,Red,,
2019-04-01,92.4,92.4,93.8,91.8,0.0,334480,92.33333333333326,90.66250000000001,91.785,-1.670833333333249,-0.548333333333261,1.122499999999988,False,False,Doji,,
2019-03-29,91.5,94.0,94.3,91.5,2.66,1054060,91.5666666666666,90.63750000000002,91.82499999999999,-0.929166666666589,0.2583333333333826,1.1874999999999716,False,False,Full Red,,
2019-03-28,93.1,90.3,93.3,90.0,3.1,894540,91.03333333333326,90.95000000000002,91.79999999999998,-0.08333333333324333,0.7666666666667226,0.8499999999999659,False,False,Full Green,,
2019-03-27,90.1,91.0,91.0,89.9,0.99,389620,89.66666666666659,91.10000000000001,91.52,1.4333333333334224,1.8533333333334099,0.4199999999999875,False,False,Up Red,,
2019-03-26,89.9,90.0,90.7,89.5,0.11,617980,89.99999999999994,91.5,91.65,1.5000000000000568,1.6500000000000625,0.15000000000000568,False,False,Red,,
2019-03-25,89.0,89.5,89.5,87.5,0.56,793070,89.43333333333327,92.0125,91.755,2.5791666666667368,2.3216666666667294,-0.2575000000000074,False,False,Up Red,,
2019-03-22,91.1,89.0,91.2,88.0,2.36,957080,90.49999999999993,92.6375,91.905,2.137500000000074,1.4050000000000722,-0.7325000000000017,False,False,Green,,
2019-03-21,88.2,93.0,93.0,88.2,5.16,1009930,91.4666666666666,92.7875,92.005,1.3208333333333968,0.538333333333398,-0.7824999999999989,False,False,Full Red,,
2019-03-20,92.2,93.1,93.4,91.0,0.97,1061950,93.49999999999994,93.01249999999999,92.42999999999999,-0.4874999999999545,-1.0699999999999505,-0.582499999999996,False,False,Red,,
2019-03-19,94.0,95.0,95.2,93.5,1.05,1100900,93.86666666666662,92.92499999999998,92.34,-0.9416666666666345,-1.526666666666614,-0.5849999999999795,False,False,Red,,
2019-03-18,94.3,94.0,94.9,94.0,0.32,1056390,93.86666666666662,92.67499999999998,91.99,-1.1916666666666345,-1.8766666666666225,-0.6849999999999881,False,False,Down Green,,
2019-03-15,93.3,94.0,94.0,92.5,0.74,2496760,93.76666666666661,92.36249999999998,91.375,-1.404166666666626,-2.391666666666609,-0.987499999999983,False,False,Up Red,,
2019-03-14,94.0,94.3,94.6,92.8,0.32,708190,93.43333333333328,92.07499999999999,90.77000000000001,-1.3583333333332916,-2.66333333333327,-1.3049999999999784,False,False,Red,,
2019-03-13,94.0,92.6,96.0,92.5,1.51,1654850,92.09999999999995,91.975,90.165,-0.12499999999995737,-1.9349999999999454,-1.809999999999988,False,False,Down Green,,
2019-03-12,92.3,91.2,92.6,90.9,1.21,864570,91.26666666666661,91.6,89.465,0.33333333333338544,-1.8016666666666055,-2.134999999999991,False,False,Green,,
2019-03-11,90.0,91.0,92.3,90.0,1.1,533740,91.16666666666661,91.0,88.85000000000001,-0.16666666666661456,-2.316666666666606,-2.1499999999999915,False,False,Down Red,,
2019-03-08,91.5,92.0,92.9,91.4,0.54,699850,91.76666666666661,91.3375,88.34500000000001,-0.4291666666666032,-3.421666666666596,-2.9924999999999926,False,False,Red,,
2019-03-07,92.0,92.0,95.3,91.9,0.0,1306970,91.59999999999995,91.4,87.77000000000001,-0.199999999999946,-3.8299999999999415,-3.6299999999999955,False,False,Doji,,
2019-03-06,91.8,91.0,91.9,90.8,0.88,592410,91.99999999999994,91.4,87.17000000000002,-0.5999999999999375,-4.829999999999927,-4.22999999999999,False,False,Green,,
2019-03-05,91.0,92.2,92.9,90.5,1.3,1152650,91.73333333333328,91.56250000000001,86.68000000000002,-0.17083333333326323,-5.053333333333256,-4.882499999999993,False,False,Red,,
2019-03-04,93.2,92.0,93.5,89.6,1.3,910620,90.5666666666666,92.27500000000002,86.20500000000001,1.7083333333334139,-4.3616666666665935,-6.070000000000007,False,False,Green,,
2019-03-01,91.0,88.5,91.4,87.5,2.82,806340,90.39999999999993,91.92500000000001,85.57500000000002,1.5250000000000767,-4.824999999999918,-6.349999999999994,False,False,Green,,
2019-02-28,87.5,92.1,92.3,87.5,4.99,1270190,90.73333333333328,91.42500000000001,84.92500000000001,0.6916666666667339,-5.808333333333266,-6.5,False,False,Full Red,,
2019-02-27,92.7,93.0,93.3,91.5,0.32,896260,92.23333333333328,90.73750000000001,84.49000000000001,-1.495833333333266,-7.743333333333268,-6.247500000000002,False,False,Red,,
2019-02-26,92.0,92.0,93.0,90.0,0.0,1103360,92.36666666666662,89.30000000000001,83.83500000000001,-3.066666666666606,-8.53166666666661,-5.465000000000003,False,False,Doji,,
2019-02-25,92.0,94.5,95.1,91.3,2.65,838040,93.93333333333328,88.03750000000001,83.215,-5.895833333333272,-10.718333333333277,-4.822500000000005,False,False,Red,,
2019-02-22,93.1,95.0,96.5,92.7,2.0,950950,93.39999999999993,86.53750000000001,82.64,-6.862499999999926,-10.759999999999934,-3.897500000000008,False,False,Red,,
2019-02-21,96.7,90.5,96.7,89.2,6.85,1209870,91.36666666666662,84.9,82.01,-6.466666666666612,-9.356666666666612,-2.8900000000000006,False,False,Up Green,,
2019-02-20,90.4,87.0,90.8,87.0,3.91,815580,86.46666666666663,82.8,81.16499999999999,-3.6666666666666288,-5.301666666666634,-1.6350000000000051,False,False,Full Green,,
2019-02-19,87.0,82.5,87.7,82.5,5.45,1244300,83.39999999999995,81.5,80.66,-1.8999999999999488,-2.7399999999999523,-0.8400000000000034,False,False,Down Green,,
2019-02-18,82.0,81.5,82.0,80.8,0.61,607000,81.69999999999995,80.625,80.30499999999999,-1.074999999999946,-1.3949999999999534,-0.3200000000000074,False,False,Green,,
2019-02-15,81.2,82.0,82.0,81.1,0.98,422250,81.03333333333329,80.625,80.07,-0.4083333333332888,-0.9633333333332956,-0.5550000000000068,False,False,Up Red,,
2019-02-14,81.9,80.4,82.6,80.1,1.87,971710,80.63333333333328,80.6625,79.83999999999999,0.029166666666711194,-0.7933333333332939,-0.8225000000000051,False,False,Green,,
2019-02-13,80.0,80.1,80.8,79.3,0.12,506510,79.96666666666663,80.5,79.47499999999998,0.5333333333333741,-0.4916666666666458,-1.02500000000002,False,False,Red,,
2019-02-12,80.0,80.4,80.4,79.5,0.5,531210,79.96666666666663,80.25,79.18499999999997,0.28333333333337407,-0.7816666666666521,-1.0650000000000261,False,False,Up Red,,
2019-02-11,79.9,81.0,81.0,79.6,1.36,353110,79.96666666666663,80.1,78.89499999999998,0.1333333333333684,-1.0716666666666441,-1.2050000000000125,False,False,Up Red,,
2019-02-01,80.0,80.0,80.0,79.6,0.0,974540,80.66666666666663,80.0625,78.60999999999999,-0.6041666666666288,-2.0566666666666436,-1.4525000000000148,False,False,Up Doji,,
2019-01-31,80.0,82.0,82.0,79.6,2.44,773010,81.16666666666661,80.0125,78.30999999999997,-1.1541666666666117,-2.8566666666666407,-1.702500000000029,False,False,Up Red,,
2019-01-30,82.0,80.4,82.0,80.4,1.99,246940,81.36666666666662,80.075,77.96999999999998,-1.2916666666666146,-3.3966666666666328,-2.105000000000018,False,False,Green,,
2019-01-29,81.5,81.5,81.5,80.5,0.0,334250,80.03333333333329,79.8875,77.54499999999999,-0.14583333333328596,-2.4883333333333013,-2.3425000000000153,False,False,Up Doji,,
2019-01-28,80.6,80.0,80.6,77.8,0.75,284550,79.13333333333328,79.675,77.13999999999999,0.541666666666714,-1.9933333333332968,-2.535000000000011,False,False,Green,,
2019-01-25,78.0,78.5,78.7,77.5,0.64,226260,78.79999999999994,79.63749999999999,76.77499999999999,0.8375000000000483,-2.024999999999949,-2.862499999999997,False,False,Red,,
2019-01-24,78.8,79.6,79.6,78.0,1.01,176750,79.33333333333327,79.87499999999999,76.475,0.541666666666714,-2.8583333333332774,-3.3999999999999915,False,False,Up Red,,
2019-01-23,79.6,79.9,80.0,79.0,0.38,214610,79.89999999999993,79.68749999999999,76.21,-0.21249999999994884,-3.689999999999941,-3.477499999999992,False,False,Red,,
2019-01-22,79.6,80.6,81.0,79.6,1.24,285720,80.19999999999995,79.31249999999999,75.95,-0.8874999999999602,-4.249999999999943,-3.362499999999983,False,False,Down Red,,
2019-01-21,80.5,81.0,81.0,80.0,0.62,411510,80.26666666666664,78.68749999999999,75.665,-1.5791666666666515,-4.601666666666631,-3.0224999999999795,False,False,Up Red,,
2019-01-18,80.5,80.4,81.1,79.0,0.12,289350,80.19999999999997,77.89999999999999,75.51000000000002,-2.299999999999983,-4.689999999999955,-2.389999999999972,False,False,Green,,
2019-01-17,79.8,80.9,81.2,79.8,1.36,214330,79.99999999999999,77.1125,75.36000000000001,-2.8874999999999886,-4.639999999999972,-1.7524999999999835,False,False,Down Red,,
2019-01-16,80.3,80.3,82.0,79.1,0.0,327390,79.16666666666666,76.41250000000001,75.24500000000002,-2.7541666666666487,-3.9216666666666384,-1.1674999999999898,False,False,Doji,,
2019-01-15,79.9,77.0,79.9,77.0,3.77,297510,77.93333333333332,75.62500000000001,75.10500000000002,-2.3083333333333087,-2.8283333333333047,-0.519999999999996,False,False,Full Green,,
2019-01-14,77.3,78.0,78.0,76.6,0.9,193920,76.16666666666664,74.78750000000002,75.10000000000001,-1.3791666666666202,-1.0666666666666345,0.3124999999999858,False,False,Up Red,,
2019-01-11,76.6,74.9,76.6,74.7,2.27,241490,75.13333333333331,74.31250000000003,75.25000000000001,-0.8208333333332831,0.11666666666670267,0.9374999999999858,False,False,Green,,
2019-01-10,74.6,74.5,74.6,73.5,0.13,108550,74.33333333333331,73.91250000000002,75.43500000000002,-0.42083333333329165,1.101666666666702,1.5224999999999937,False,False,Green,,
2019-01-09,74.2,74.5,74.5,74.0,0.4,92720,74.19999999999997,73.75000000000001,75.72000000000001,-0.4499999999999602,1.5200000000000387,1.9699999999999989,False,False,Up Red,,
2019-01-08,74.2,74.0,74.2,73.1,0.27,205460,74.13333333333331,73.47500000000001,76.01000000000002,-0.658333333333303,1.8766666666667078,2.535000000000011,False,False,Green,,
2019-01-07,74.2,74.6,74.6,73.3,0.54,186030,73.79999999999997,73.3875,76.30000000000001,-0.4124999999999659,2.5000000000000426,2.9125000000000085,False,False,Up Red,,
2019-01-04,74.0,72.0,74.5,70.9,2.78,277640,73.56666666666663,73.4125,76.66000000000001,-0.15416666666664014,3.0933333333333763,3.2475000000000165,False,False,Green,,
2019-01-03,73.2,72.1,73.2,71.5,1.53,475210,73.36666666666663,73.39999999999999,76.99500000000002,0.03333333333335986,3.628333333333387,3.5950000000000273,False,False,Green,,
2019-01-02,73.5,73.5,73.7,72.7,0.0,334420,73.39999999999998,73.92499999999998,77.43500000000002,0.5250000000000057,4.035000000000039,3.5100000000000335,False,False,Doji,,
2018-12-28,73.4,73.8,74.5,73.4,0.54,399190,72.89999999999998,74.42499999999998,77.64500000000001,1.5250000000000057,4.745000000000033,3.2200000000000273,False,False,Down Red,,
2018-12-27,73.3,73.9,73.9,72.9,0.81,304690,72.93333333333331,74.93749999999999,77.86500000000001,2.004166666666677,4.9316666666667,2.9275000000000233,False,False,Up Red,,
2018-12-26,72.0,73.1,73.5,71.4,1.5,547940,73.29999999999998,75.46249999999999,78.13500000000002,2.1625000000000085,4.835000000000036,2.672500000000028,False,False,Red,,
2018-12-25,73.5,73.0,74.0,72.3,0.68,232270,73.93333333333331,76.43749999999999,78.45000000000002,2.504166666666677,4.516666666666708,2.0125000000000313,False,False,Green,,
2018-12-24,74.4,75.0,76.0,74.3,0.8,172180,75.2333333333333,77.28749999999998,78.69000000000001,2.0541666666666742,3.456666666666706,1.4025000000000318,False,False,Red,,
2018-12-21,73.9,76.8,76.8,73.9,3.78,1469270,76.26666666666665,78.02499999999998,78.82000000000001,1.7583333333333258,2.553333333333356,0.7950000000000301,False,False,Full Red,,
2018-12-20,77.4,76.8,77.6,76.8,0.78,184090,77.46666666666665,78.82499999999997,78.92999999999999,1.35833333333332,1.4633333333333383,0.10500000000001819,False,False,Down Green,,
2018-12-19,77.5,78.0,78.0,76.7,0.64,217620,77.49999999999999,79.14999999999998,78.91,1.6499999999999915,1.4100000000000108,-0.23999999999998067,False,False,Up Red,,
2018-12-18,77.5,76.0,78.0,75.5,1.97,323660,78.26666666666665,79.46249999999998,78.82499999999999,1.1958333333333258,0.5583333333333371,-0.6374999999999886,False,False,Green,,
2018-12-17,77.5,79.8,79.9,76.5,2.88,461140,79.19999999999999,79.94999999999997,78.69999999999999,0.7499999999999858,-0.5,-1.2499999999999858,False,False,Up Red,,
2018-12-14,79.8,80.3,80.3,79.5,0.62,97030,80.13333333333333,80.34999999999998,78.47,0.21666666666665435,-1.663333333333327,-1.8799999999999812,False,False,Up Red,,
2018-12-13,80.3,80.1,81.3,80.1,0.25,162470,80.3,80.62499999999999,78.03999999999999,0.32499999999998863,-2.260000000000005,-2.5849999999999937,False,False,Down Green,,
2018-12-12,80.3,80.3,80.4,79.7,0.0,204900,80.19999999999999,80.3,77.8,0.10000000000000853,-2.3999999999999915,-2.5,False,False,Doji,,
2018-12-11,80.3,81.4,81.4,79.9,1.35,141650,80.1,79.9875,77.575,-0.11249999999999716,-2.5249999999999915,-2.4124999999999943,False,False,Up Red,,
2018-12-10,80.0,79.8,80.0,79.0,0.25,345240,80.46666666666665,79.78750000000001,77.35,-0.6791666666666458,-3.11666666666666,-2.437500000000014,False,False,Green,,
2018-12-07,80.0,81.4,81.4,80.0,1.72,250620,80.69999999999999,79.575,77.15,-1.1249999999999858,-3.549999999999983,-2.424999999999997,False,False,Full Red,,
2018-12-06,81.4,81.0,81.9,80.5,0.49,256140,81.36666666666666,79.3625,76.95,-2.004166666666663,-4.416666666666657,-2.4124999999999943,False,False,Green,,
2018-12-05,80.7,80.0,82.5,80.0,0.88,384670,80.13333333333333,78.8125,76.615,-1.3208333333333258,-3.518333333333331,-2.197500000000005,False,False,Down Green,,
2018-12-04,82.0,78.0,83.0,78.0,5.13,700280,79.16666666666667,78.2375,76.215,-0.9291666666666742,-2.951666666666668,-2.0224999999999937,False,False,Down Green,,
2018-12-03,77.7,78.5,78.7,77.7,1.02,194530,78.06666666666666,77.6125,75.715,-0.4541666666666657,-2.3516666666666595,-1.8974999999999937,False,False,Down Red,,
2018-11-30,77.8,78.7,78.9,76.0,1.14,593960,78.26666666666667,77.37499999999999,75.42999999999999,-0.8916666666666799,-2.836666666666673,-1.9449999999999932,False,False,Red,,
2018-11-29,78.7,78.5,78.9,78.4,0.25,473940,78.43333333333334,77.02499999999999,75.14,-1.4083333333333456,-3.2933333333333366,-1.884999999999991,False,False,Green,,
2018-11-28,78.3,78.0,78.4,77.5,0.38,170200,77.86666666666666,76.29999999999998,74.655,-1.566666666666677,-3.211666666666659,-1.6449999999999818,False,False,Green,,
2018-11-27,78.3,77.5,78.6,77.4,1.03,399420,77.13333333333333,75.4125,74.06,-1.7208333333333314,-3.0733333333333235,-1.352499999999992,False,False,Down Green,,
2018-11-26,77.0,76.0,77.3,75.5,1.32,301550,76.69999999999999,75.0625,73.25,-1.6374999999999886,-3.4499999999999886,-1.8125,False,False,Green,,
2018-11-23,76.1,77.0,77.8,76.1,1.17,89640,76.3,74.9125,72.49,-1.3875000000000028,-3.8100000000000023,-2.4224999999999994,False,False,Down Red,,
2018-11-22,77.0,75.5,78.0,75.0,1.99,504210,75.93333333333332,74.87499999999999,71.935,-1.0583333333333371,-3.9983333333333206,-2.9399999999999835,False,False,Green,,
2018-11-21,75.8,75.0,75.8,73.2,1.07,451550,74.56666666666666,74.74999999999999,71.51,0.1833333333333229,-3.0566666666666578,-3.2399999999999807,False,False,Green,,
2018-11-20,75.0,72.1,75.5,72.1,4.02,500750,73.03333333333332,74.77499999999999,71.345,1.7416666666666742,-1.6883333333333184,-3.4299999999999926,False,False,Down Green,,
2018-11-19,72.9,71.5,72.9,69.9,1.96,323690,73.19999999999999,74.7375,71.3,1.5375000000000085,-1.8999999999999915,-3.4375,False,False,Green,,
2018-11-16,71.2,74.5,74.9,70.5,4.43,788790,74.16666666666667,74.7125,71.39,0.5458333333333343,-2.776666666666671,-3.322500000000005,False,False,Up Red,,
2018-11-15,75.5,74.8,75.8,74.5,0.94,301910,75.7,74.8125,71.57,-0.8875000000000028,-4.13000000000001,-3.242500000000007,False,False,Green,,
2018-11-14,75.8,75.8,76.0,75.0,0.0,284050,75.86666666666667,74.375,71.57499999999999,-1.4916666666666742,-4.291666666666686,-2.8000000000000114,False,False,Doji,,
2018-11-13,75.8,73.1,76.0,73.1,3.69,271790,75.93333333333334,73.9,71.60499999999999,-2.0333333333333314,-4.328333333333347,-2.295000000000016,False,False,Full Green,,
2018-11-12,76.0,75.4,76.2,75.1,0.8,274460,75.56666666666666,73.05000000000001,71.54499999999999,-2.5166666666666515,-4.021666666666675,-1.5050000000000239,False,False,Green,,
2018-11-09,76.0,74.5,76.6,74.0,2.01,520370,74.46666666666665,71.85000000000001,71.39999999999999,-2.616666666666646,-3.066666666666663,-0.45000000000001705,False,False,Green,,
2018-11-08,74.7,73.4,74.7,73.0,1.77,481780,73.13333333333333,70.11250000000001,71.44999999999999,-3.0208333333333144,-1.6833333333333371,1.3374999999999773,False,False,Green,,
2018-11-07,72.7,72.4,72.7,70.8,0.41,298710,72.23333333333333,68.5,71.53999999999999,-3.7333333333333343,-0.6933333333333422,3.039999999999992,False,False,Green,,
2018-11-06,72.0,73.0,73.0,71.0,1.37,379000,72.0,67.5375,71.90999999999998,-4.462500000000006,-0.09000000000001762,4.372499999999988,False,False,Up Red,,
2018-11-05,72.0,73.0,73.8,71.0,1.37,758430,70.99999999999999,67.1,72.30999999999997,-3.8999999999999915,1.309999999999988,5.2099999999999795,False,False,Red,,
2018-11-02,72.0,70.0,73.8,70.0,2.86,1170010,69.13333333333331,67.1625,72.70999999999998,-1.9708333333333172,3.576666666666668,5.547499999999985,False,False,Down Green,,
2018-11-01,69.0,65.1,70.0,65.1,5.99,871070,65.83333333333331,67.425,74.21499999999997,1.5916666666666828,8.38166666666666,6.789999999999978,False,False,Down Green,,
2018-10-31,66.4,62.3,66.4,62.3,6.58,1099060,63.43333333333331,68.1375,75.89499999999997,4.704166666666694,12.461666666666659,7.757499999999965,False,False,Full Green,,
2018-10-30,62.1,60.1,63.0,60.0,3.33,574230,62.96666666666664,69.1875,77.67499999999997,6.22083333333336,14.708333333333329,8.487499999999969,False,False,Down Green,,
2018-10-29,61.8,62.5,63.6,61.0,1.12,338080,65.09999999999997,70.875,79.76999999999997,5.775000000000034,14.670000000000002,8.894999999999968,False,False,Red,,
2018-10-26,65.0,68.5,69.0,63.8,5.11,1004220,68.66666666666664,72.7,81.83499999999997,4.03333333333336,13.168333333333322,9.134999999999962,False,False,Red,,
2018-10-25,68.5,68.5,70.2,68.0,0.0,479440,71.69999999999997,73.9,83.88499999999996,2.2000000000000313,12.184999999999988,9.984999999999957,False,False,Doji,,
2018-10-24,72.5,73.5,74.2,72.5,1.36,233830,73.76666666666664,74.47500000000001,85.65999999999997,0.7083333333333712,11.89333333333333,11.18499999999996,False,False,Down Red,,
2018-10-23,74.1,73.8,74.5,73.4,0.41,136760,74.53333333333332,75.03750000000001,87.12999999999997,0.5041666666666913,12.59666666666665,12.092499999999959,False,False,Green,,
2018-10-22,74.7,74.8,75.5,74.7,0.13,252630,75.03333333333332,75.3375,88.54499999999999,0.30416666666668846,13.51166666666667,13.207499999999982,False,False,Down Red,,
2018-10-19,74.8,74.6,76.1,74.0,0.27,282610,75.59999999999998,76.0125,89.95499999999998,0.41250000000002274,14.355000000000004,13.942499999999981,False,False,Green,,
2018-10-18,75.6,76.4,76.8,75.5,1.05,146220,75.53333333333332,76.66250000000001,91.28999999999999,1.1291666666666913,15.756666666666675,14.627499999999984,False,False,Down Red,,
2018-10-17,76.4,76.4,77.0,75.0,0.0,300010,74.69999999999997,77.2125,92.75999999999999,2.5125000000000313,18.060000000000016,15.547499999999985,False,False,Doji,,
2018-10-16,74.6,73.1,75.1,73.1,2.05,349810,74.89999999999998,80.42500000000001,94.16999999999999,5.525000000000034,19.27000000000001,13.744999999999976,False,False,Down Green,,
2018-10-15,73.1,77.0,77.0,73.0,5.06,505140,75.53333333333332,83.92500000000001,95.66999999999999,8.391666666666694,20.13666666666667,11.744999999999976,False,False,Full Red,,
2018-10-12,77.0,76.5,79.0,76.0,0.65,666960,77.86666666666663,87.53750000000001,97.28999999999999,9.670833333333377,19.42333333333336,9.752499999999984,False,False,Green,,
2018-10-11,76.5,76.5,80.2,75.1,0.0,736740,78.86666666666663,90.91250000000001,98.71499999999999,12.045833333333377,19.848333333333358,7.802499999999981,False,False,Doji,,
2018-10-10,80.1,81.5,81.5,80.0,1.72,378520,80.03333333333332,94.23750000000001,100.14499999999998,14.204166666666694,20.111666666666665,5.90749999999997,False,False,Full Red,,
2018-10-09,80.0,81.2,82.2,80.0,1.48,267080,87.36666666666663,97.47500000000001,101.33999999999997,10.108333333333377,13.973333333333343,3.8649999999999665,False,False,Down Red,,
2018-10-08,80.0,82.5,83.0,80.0,3.03,265800,94.89999999999998,100.47500000000001,102.52499999999998,5.575000000000031,7.625,2.0499999999999687,False,False,Down Red,,
2018-10-05,102.1,104.0,104.0,102.1,1.83,304710,102.2333333333333,103.2125,103.75499999999997,0.9791666666666998,1.5216666666666612,0.5424999999999613,False,False,Full Red,,
2018-10-04,102.6,104.0,104.0,102.6,1.35,331810,102.86666666666663,103.25,103.88999999999999,0.3833333333333684,1.0233333333333547,0.6399999999999864,False,False,Full Red,,
2018-10-03,102.0,104.9,104.9,101.9,2.76,467970,103.0333333333333,103.2875,104.00999999999999,0.2541666666666913,0.9766666666666879,0.7224999999999966,False,False,Full Red,,
2018-10-02,104.0,104.3,105.0,103.8,0.29,534540,104.36666666666663,103.225,104.21,-1.1416666666666373,-0.15666666666663787,0.9849999999999994,False,False,Red,,
2018-10-01,103.1,106.5,107.1,103.1,3.19,523580,104.36666666666663,103.35,104.255,-1.0166666666666373,-0.11166666666663616,0.9050000000000011,False,False,Down Red,,
2018-09-28,106.0,105.5,106.0,104.6,0.47,846730,103.96666666666663,103.5375,104.3,-0.4291666666666316,0.33333333333337123,0.7625000000000028,False,False,Green,,
2018-09-27,104.0,104.0,104.5,103.0,0.0,525990,102.76666666666661,103.3625,104.37,0.5958333333333883,1.6033333333333957,1.0075000000000074,False,False,Doji,,
2018-09-26,101.9,102.0,102.5,101.9,0.1,473580,102.39999999999993,103.55,104.58500000000001,1.1500000000000625,2.1850000000000733,1.0350000000000108,False,False,Down Red,,
2018-09-25,102.4,102.4,103.4,101.6,0.0,472130,102.26666666666661,104.0,105.04,1.7333333333333911,2.7733333333333974,1.0400000000000063,False,False,Doji,,
2018-09-24,102.9,101.5,103.0,101.5,1.38,634680,103.13333333333328,104.3375,105.495,1.2041666666667226,2.3616666666667214,1.1574999999999989,False,False,Green,,
2018-09-21,101.5,104.6,105.1,101.5,2.96,8102520,103.69999999999997,104.47500000000001,105.925,0.7750000000000341,2.2250000000000227,1.4499999999999886,False,False,Down Red,,
2018-09-20,105.0,105.0,105.0,103.9,0.0,336900,104.7333333333333,104.75000000000001,106.44500000000001,0.016666666666708352,1.7116666666667015,1.6949999999999932,False,False,Up Doji,,
2018-09-19,104.6,105.4,105.4,103.0,0.76,258160,104.89999999999998,104.70000000000002,106.69000000000001,-0.1999999999999602,1.7900000000000347,1.9899999999999949,False,False,Up Red,,
2018-09-18,104.6,105.5,105.5,104.0,0.85,207550,105.19999999999997,104.72500000000001,106.95500000000001,-0.4749999999999659,1.755000000000038,2.230000000000004,False,False,Up Red,,
2018-09-17,105.5,105.5,106.7,105.4,0.0,1287240,105.36666666666666,104.775,107.16500000000003,-0.5916666666666544,1.7983333333333746,2.390000000000029,False,False,Doji,,
2018-09-14,105.5,105.8,106.0,105.3,0.28,591790,104.86666666666666,104.8375,107.33000000000004,-0.02916666666665435,2.463333333333381,2.4925000000000352,False,False,Red,,
2018-09-13,105.1,104.0,105.6,104.0,1.06,836910,104.26666666666665,104.7625,107.44500000000005,0.49583333333335133,3.1783333333333985,2.682500000000047,False,False,Down Green,,
2018-09-12,104.0,104.8,104.8,103.8,0.76,605640,104.09999999999998,104.625,107.58000000000007,0.5250000000000199,3.4800000000000892,2.9550000000000693,False,False,Up Red,,
2018-09-11,103.7,104.0,105.0,103.7,0.29,483770,104.36666666666666,105.05,107.77000000000007,0.6833333333333371,3.403333333333407,2.72000000000007,False,False,Down Red,,
2018-09-10,104.6,105.5,105.5,104.6,0.85,532950,104.8,105.62499999999999,107.96000000000008,0.8249999999999886,3.160000000000082,2.3350000000000932,False,False,Full Red,,
2018-09-07,104.8,104.0,105.0,104.0,0.77,459090,105.26666666666665,106.42499999999998,108.07500000000009,1.1583333333333314,2.8083333333334366,1.6500000000001052,False,False,Down Green,,
2018-09-06,105.0,106.0,106.0,104.6,0.94,287240,105.3,107.26249999999999,108.27000000000007,1.9624999999999915,2.97000000000007,1.0075000000000784,False,False,Up Red,,
2018-09-05,106.0,105.8,106.0,105.1,0.19,318560,104.96666666666665,108.07499999999999,108.42000000000007,3.1083333333333343,3.4533333333334184,0.34500000000008413,False,False,Green,,
2018-09-04,104.9,106.9,107.7,104.2,1.87,225530,105.43333333333334,108.81249999999999,108.49500000000008,3.3791666666666487,3.0616666666667385,-0.3174999999999102,False,False,Red,,
2018-08-31,104.0,107.4,111.2,104.0,3.17,3027640,106.56666666666668,109.43749999999999,108.70000000000007,2.8708333333333087,2.133333333333397,-0.7374999999999119,False,False,Down Red,,
2018-08-30,107.4,108.0,108.0,106.5,0.56,409540,108.90000000000002,110.17499999999998,108.95000000000007,1.274999999999963,0.050000000000054,-1.224999999999909,False,False,Up Red,,
2018-08-29,108.3,111.0,111.0,108.3,2.43,303590,110.26666666666667,110.34999999999998,109.02000000000007,0.08333333333331439,-1.2466666666665986,-1.329999999999913,False,False,Full Red,,
2018-08-28,111.0,111.5,111.5,110.5,0.45,817180,111.33333333333333,110.41249999999998,109.03500000000005,-0.9208333333333485,-2.298333333333275,-1.3774999999999267,False,False,Up Red,,
2018-08-27,111.5,111.9,111.9,111.3,0.36,913670,111.63333333333333,110.01249999999997,109.00000000000007,-1.6208333333333513,-2.6333333333332547,-1.0124999999999034,False,False,Up Red,,
2018-08-24,111.5,112.2,112.9,111.1,0.62,1340480,111.09999999999998,109.54999999999997,108.95000000000007,-1.5500000000000114,-2.149999999999906,-0.5999999999998948,False,False,Red,,
2018-08-23,111.9,110.0,112.1,110.0,1.73,1371780,110.56666666666666,109.08749999999996,108.67000000000007,-1.4791666666666998,-1.8966666666665901,-0.4174999999998903,False,False,Green,,
2018-08-22,109.9,109.9,110.8,109.6,0.0,415780,109.53333333333332,108.53749999999997,108.37500000000007,-0.9958333333333513,-1.1583333333332462,-0.16249999999989484,False,False,Doji,,
2018-08-21,109.9,108.8,110.5,108.8,1.01,741280,109.16666666666664,108.16249999999997,108.20500000000007,-1.004166666666677,-0.9616666666665736,0.042500000000103455,False,False,Down Green,,
2018-08-20,108.8,111.4,111.4,108.8,2.33,575880,108.46666666666664,108.01249999999997,108.03500000000005,-0.4541666666666657,-0.4316666666665867,0.022500000000079012,False,False,Full Red,,
2018-08-17,108.8,114.0,114.0,108.8,4.56,1125570,108.13333333333331,107.91249999999998,107.98500000000006,-0.22083333333333144,-0.14833333333325527,0.07250000000007617,False,False,Full Red,,
2018-08-16,107.8,107.8,107.9,107.1,0.0,726220,107.79999999999997,107.74999999999999,107.89000000000006,-0.04999999999998295,0.09000000000008868,0.14000000000007162,False,False,Doji,,
2018-08-15,107.8,107.8,107.9,107.1,0.0,436300,107.69999999999997,107.89999999999999,107.82500000000005,0.20000000000001705,0.12500000000007105,-0.074999999999946,False,False,Doji,,
2018-08-14,107.8,107.0,108.0,107.0,0.75,406610,107.39999999999998,108.05,107.80500000000004,0.6500000000000199,0.405000000000058,-0.24499999999996191,False,False,Down Green,,
2018-08-13,107.5,108.4,108.4,106.9,0.83,1088420,107.69999999999997,108.175,107.71500000000003,0.47500000000002274,0.015000000000057412,-0.4599999999999653,False,False,Up Red,,
2018-08-10,106.9,109.0,109.0,106.0,1.93,120470,107.86666666666663,108.3125,107.64000000000003,0.4458333333333684,-0.22666666666660262,-0.672499999999971,False,False,Up Red,,
2018-08-09,108.7,108.0,109.0,108.0,0.65,285670,108.06666666666665,108.7375,107.76000000000003,0.6708333333333485,-0.30666666666661513,-0.9774999999999636,False,False,Down Green,,
2018-08-08,108.0,107.5,108.8,107.5,0.47,134310,108.16666666666664,108.96249999999999,107.82500000000005,0.7958333333333485,-0.3416666666665975,-1.137499999999946,False,False,Down Green,,
2018-08-07,107.5,109.0,109.0,107.0,1.38,160500,108.49999999999999,108.69999999999999,107.91000000000004,0.20000000000000284,-0.5899999999999466,-0.7899999999999494,False,False,Up Red,,
2018-08-06,109.0,109.0,109.1,108.8,0.0,182880,108.93333333333332,108.51249999999999,108.08500000000004,-0.4208333333333343,-0.8483333333332865,-0.42749999999995225,False,False,Doji,,
2018-08-03,109.0,109.2,109.7,108.5,0.18,398200,108.8,108.19999999999999,108.27500000000005,-0.6000000000000085,-0.5249999999999488,0.07500000000005969,False,False,Red,,
2018-08-02,108.8,109.9,109.9,108.6,1.0,265210,109.23333333333333,107.88749999999999,108.45000000000005,-1.3458333333333456,-0.7833333333332888,0.5625000000000568,False,False,Up Red,,
2018-08-01,108.6,110.3,110.4,108.5,1.54,320670,109.8,107.76249999999999,108.71000000000004,-2.0375000000000085,-1.0899999999999608,0.9475000000000477,False,False,Full Red,,
2018-07-31,110.3,112.0,112.0,108.8,1.52,170450,108.89999999999999,107.54999999999998,108.82000000000005,-1.3500000000000085,-0.07999999999994145,1.270000000000067,False,False,Up Red,,
2018-07-30,110.5,106.0,110.5,105.0,4.25,324540,107.46666666666665,107.07499999999999,108.48500000000004,-0.3916666666666657,1.0183333333333877,1.4100000000000534,False,False,Up Green,,
2018-07-27,105.9,106.0,106.5,105.0,0.09,67370,106.13333333333333,106.68749999999999,108.52500000000005,0.55416666666666,2.3916666666667226,1.8375000000000625,False,False,Red,,
2018-07-26,106.0,106.5,107.8,106.0,0.47,205970,106.33333333333331,106.69999999999999,108.85000000000005,0.36666666666667425,2.5166666666667368,2.1500000000000625,False,False,Down Red,,
2018-07-25,106.5,107.0,107.0,105.4,0.47,123900,106.93333333333332,106.69999999999999,109.05000000000004,-0.23333333333333428,2.116666666666717,2.350000000000051,False,False,Up Red,,
2018-07-24,106.5,103.0,107.7,103.0,3.4,52950,107.06666666666665,107.04999999999998,109.22500000000005,-0.01666666666666572,2.1583333333334025,2.175000000000068,False,False,Down Green,,
2018-07-23,107.8,107.8,109.5,103.0,0.0,140470,107.06666666666665,107.48749999999998,109.65000000000005,0.4208333333333343,2.5833333333333997,2.1625000000000654,False,False,Doji,,
2018-07-20,106.9,106.9,108.0,106.1,0.0,361710,106.93333333333332,107.725,110.03500000000004,0.7916666666666714,3.1016666666667163,2.310000000000045,False,False,Doji,,
2018-07-19,106.5,108.0,108.0,106.5,1.39,359780,106.63333333333331,108.2375,110.40000000000002,1.6041666666666856,3.7666666666667084,2.1625000000000227,False,False,Full Red,,
2018-07-18,107.4,110.0,110.0,107.0,2.36,115930,106.46666666666664,109.02499999999999,110.82500000000002,2.5583333333333513,4.358333333333377,1.8000000000000256,False,False,Up Red,,
2018-07-17,106.0,109.0,111.0,106.0,2.75,410540,107.09999999999998,109.6625,111.20500000000001,2.562500000000014,4.105000000000032,1.5425000000000182,False,False,Down Red,,
2018-07-16,106.0,110.5,110.5,106.0,4.07,93750,108.43333333333332,110.6625,111.65500000000002,2.2291666666666714,3.2216666666666924,0.992500000000021,False,False,Full Red,,
2018-07-13,109.3,107.3,111.0,107.3,1.86,57420,109.66666666666664,111.26249999999999,112.18000000000002,1.5958333333333456,2.513333333333378,0.9175000000000324,False,False,Down Green,,
2018-07-12,110.0,110.0,110.8,108.0,0.0,113470,110.2333333333333,110.55,112.54,0.3166666666666913,2.3066666666667004,1.990000000000009,False,False,Doji,,
2018-07-11,109.7,110.0,111.0,108.0,0.27,86370,111.16666666666664,110.71249999999999,112.89000000000001,-0.4541666666666515,1.7233333333333718,2.1775000000000233,False,False,Red,,
2018-07-10,111.0,112.7,112.8,108.5,1.51,298180,112.09999999999998,111.04999999999998,113.30500000000002,-1.0499999999999972,1.205000000000041,2.255000000000038,False,False,Up Red,,
2018-07-09,112.8,112.5,113.4,112.5,0.27,134390,113.09999999999998,110.92499999999998,113.65500000000002,-2.174999999999997,0.5550000000000352,2.7300000000000324,False,False,Down Green,,
2018-07-06,112.5,111.5,113.9,111.5,0.9,497040,112.43333333333332,110.57499999999999,114.01500000000001,-1.8583333333333343,1.5816666666666919,3.440000000000026,False,False,Down Green,,
2018-07-05,114.0,110.8,115.0,110.8,2.89,1208630,109.46666666666664,110.88749999999999,114.39000000000001,1.4208333333333485,4.923333333333375,3.502500000000026,False,False,Down Green,,
2018-07-04,110.8,102.1,110.8,102.1,8.52,1358170,108.56666666666665,111.07499999999999,114.69000000000001,2.50833333333334,6.123333333333363,3.6150000000000233,False,False,Full Green,,
2018-07-03,103.6,111.3,111.3,103.6,6.92,165430,109.09999999999998,111.5,115.15,2.40000000000002,6.050000000000026,3.6500000000000057,False,False,Full Red,,
2018-07-02,111.3,112.5,112.5,110.0,1.07,456190,111.23333333333333,112.925,115.87,1.6916666666666629,4.63666666666667,2.9450000000000074,False,False,Up Red,,
2018-06-29,112.4,113.0,113.0,108.5,0.53,321730,110.8,113.3875,116.2,2.5875000000000057,5.400000000000006,2.8125,False,False,Up Red,,
2018-06-28,110.0,110.0,113.0,108.0,0.0,185920,111.66666666666667,113.7125,116.405,2.0458333333333343,4.73833333333333,2.6924999999999955,False,False,Doji,,
2018-06-27,110.0,112.5,114.1,110.0,2.22,305740,113.5,114.525,116.66,1.0250000000000057,3.1599999999999966,2.134999999999991,False,False,Down Red,,
2018-06-26,115.0,115.5,115.5,114.1,0.43,112440,114.89999999999999,115.3375,117.00999999999999,0.4375000000000142,2.1099999999999994,1.6724999999999852,False,False,Up Red,,
2018-06-25,115.5,114.2,115.9,114.2,1.14,214260,114.89999999999999,115.5875,117.05999999999999,0.6875000000000142,2.1599999999999966,1.4724999999999824,False,False,Down Green,,
2018-06-22,114.2,115.0,115.0,114.0,0.7,83230,114.73333333333333,115.9,117.13499999999999,1.1666666666666714,2.4016666666666566,1.2349999999999852,False,False,Up Red,,
2018-06-21,115.0,115.0,115.1,114.0,0.0,117280,115.0,116.375,117.3,1.375,2.299999999999997,0.9249999999999972,False,False,Doji,,
2018-06-20,115.0,107.1,116.0,107.1,7.38,613980,115.5,117.0,117.275,1.5,1.7750000000000057,0.2750000000000057,False,False,Down Green,,
2018-06-19,115.0,116.5,116.5,114.7,1.29,770730,116.0,117.625,117.04,1.625,1.0400000000000063,-0.5849999999999937,False,False,Up Red,,
2018-06-18,116.5,116.5,118.0,116.0,0.0,626280,116.66666666666667,118.25,117.2,1.5833333333333286,0.5333333333333314,-1.0499999999999972,False,False,Doji,,
2018-06-15,116.5,117.7,117.7,116.5,1.02,213150,117.16666666666667,118.6875,116.9,1.5208333333333286,-0.2666666666666657,-1.7874999999999943,False,False,Full Red,,
2018-06-14,117.0,118.0,118.5,116.3,0.85,624230,117.66666666666667,118.87500000000001,116.6,1.2083333333333428,-1.066666666666677,-2.27500000000002,False,False,Red,,
2018-06-13,118.0,118.0,118.4,117.6,0.0,289590,118.66666666666667,118.98750000000001,116.275,0.32083333333333997,-2.3916666666666657,-2.7125000000000057,False,False,Balanced Doji,,
2018-06-12,118.0,120.0,120.0,117.0,1.67,816310,119.33333333333333,118.8,115.9,-0.5333333333333314,-3.433333333333323,-2.8999999999999915,False,False,Up Red,,
2018-06-11,120.0,120.8,120.8,119.0,0.66,425790,120.0,118.4375,115.525,-1.5625,-4.474999999999994,-2.9124999999999943,False,False,Up Red,,
2018-06-08,120.0,120.0,120.9,117.5,0.0,462940,120.0,118.0625,115.05,-1.9375,-4.950000000000003,-3.012500000000003,False,False,Doji,,
2018-06-07,120.0,122.0,122.0,111.6,1.64,1167210,119.33333333333333,117.5625,114.575,-1.7708333333333286,-4.758333333333326,-2.987499999999997,False,False,Up Red,,
2018-06-06,120.0,117.5,120.9,117.0,2.13,712230,118.63333333333333,117.1875,114.1,-1.4458333333333258,-4.533333333333331,-3.0875000000000057,False,False,Green,,
2018-06-05,118.0,117.9,119.0,117.0,0.08,1229890,117.46666666666665,116.875,113.625,-0.5916666666666544,-3.8416666666666544,-3.25,False,False,Green,,
2018-06-04,117.9,116.0,117.9,115.5,1.64,1762630,116.5,116.4375,113.25,-0.0625,-3.25,-3.1875,False,False,Green,,
2018-06-01,116.5,115.1,117.5,114.5,1.22,814870,116.2,115.48749999999998,112.88,-0.7125000000000199,-3.3200000000000074,-2.6074999999999875,False,False,Green,,
2018-05-31,115.1,117.0,117.5,115.1,1.62,1178690,116.03333333333335,115.69999999999999,112.58,-0.333333333333357,-3.4533333333333474,-3.1199999999999903,False,False,Down Red,,
2018-05-30,117.0,116.0,117.0,113.0,0.86,2448260,116.66666666666667,115.125,112.35,-1.5416666666666714,-4.316666666666677,-2.7750000000000057,False,False,Green,,
2018-05-29,116.0,117.0,117.2,113.1,0.85,884320,116.83333333333333,114.3125,112.025,-2.5208333333333286,-4.808333333333323,-2.2874999999999943,False,False,Red,,
2018-05-28,117.0,111.0,118.0,111.0,5.41,2944740,116.33333333333333,113.625,111.75,-2.7083333333333286,-4.583333333333329,-1.875,False,False,Down Green,,
2018-05-25,117.5,114.8,119.9,114.5,2.35,1749720,114.10000000000001,112.8125,111.425,-1.2875000000000085,-2.6750000000000114,-1.3875000000000028,False,False,Down Green,,
2018-05-24,114.5,110.8,114.8,110.1,3.34,1937240,114.33333333333333,111.9375,111.075,-2.3958333333333286,-3.2583333333333258,-0.8624999999999972,False,False,Up Green,,
2018-05-23,110.3,114.5,114.5,110.0,3.67,4839580,113.0,111.4375,110.875,-1.5625,-2.125,-0.5625,False,False,Full Red,,
2018-05-22,118.2,118.2,118.2,118.2,0.0,20,113.06666666666666,111.4625,110.88499999999999,-1.6041666666666572,-2.181666666666672,-0.5775000000000148,False,False,Balanced Doji,,
2018-05-21,110.5,110.5,110.5,110.5,0.0,0,110.5,110.5,110.5,0.0,0.0,0.0,False,False,Balanced Doji,,
2018-05-18,110.5,110.5,110.5,110.5,0.0,0,110.5,110.5,110.5,0.0,0.0,0.0,False,False,Balanced Doji,,
2018-05-17,110.5,110.5,110.5,110.5,0.0,18000,110.5,110.5,,0.0,,,False,False,Balanced Doji,,
2018-05-17,110.5,110.5,110.5,110.5,0.0,18000,110.5,110.5,,0.0,,,False,False,Balanced Doji,,
2018-05-17,110.5,110.5,110.5,110.5,0.0,18000,110.5,110.5,,0.0,,,False,False,Balanced Doji,,
2018-05-17,110.5,110.5,110.5,110.5,0.0,18000,110.5,110.5,,0.0,,,False,False,Balanced Doji,,
2018-05-17,110.5,110.5,110.5,110.5,0.0,18000,110.5,110.5,,0.0,,,False,False,Balanced Doji,,
2018-05-17,110.5,110.5,110.5,110.5,0.0,18000,110.5,110.5,,0.0,,,False,False,Balanced Doji,,
2018-05-17,110.5,110.5,110.5,110.5,0.0,18000,110.5,,,,,,False,False,Balanced Doji,,
2018-05-17,110.5,110.5,110.5,110.5,0.0,18000,110.5,,,,,,False,False,Balanced Doji,,
2018-05-17,110.5,110.5,110.5,110.5,0.0,18000,110.5,,,,,,False,False,Balanced Doji,,
2018-05-17,110.5,110.5,110.5,110.5,0.0,18000,110.5,,,,,,False,False,Balanced Doji,,
2018-05-17,110.5,110.5,110.5,110.5,0.0,18000,110.5,,,,,,False,False,Balanced Doji,,
2018-05-17,110.5,110.5,110.5,110.5,0.0,18000,110.5,110.5,,0.0,,,False,False,Balanced Doji,,
2018-05-17,110.5,110.5,110.5,110.5,0.0,18000,,,,,,,False,False,Balanced Doji,,
2018-05-17,110.5,110.5,110.5,110.5,0.0,18000,110.5,110.5,,0.0,,,False,False,Balanced Doji,,
2018-05-17,110.5,110.5,110.5,110.5,0.0,18000,110.5,110.5,,0.0,,,False,False,Balanced Doji,,
2018-05-17,110.5,110.5,110.5,110.5,0.0,18000,110.5,110.5,,0.0,,,False,False,Balanced Doji,,
2018-05-17,110.5,110.5,110.5,110.5,0.0,18000,110.5,110.5,,0.0,,,False,False,Balanced Doji,,
2018-05-17,110.5,110.5,110.5,110.5,0.0,18000,110.5,110.5,,0.0,,,False,False,Balanced Doji,,
2018-05-17,110.5,110.5,110.5,110.5,0.0,18000,110.5,110.5,110.5,0.0,0.0,0.0,False,False,Balanced Doji,,
2018-05-17,110.5,110.5,110.5,110.5,0.0,18000,110.5,110.5,110.5,0.0,0.0,0.0,False,False,Balanced Doji,,
2018-05-17,110.5,110.5,110.5,110.5,0.0,18000,110.5,110.5,110.5,0.0,0.0,0.0,False,False,Balanced Doji,,
2018-05-17,110.5,110.5,110.5,110.5,0.0,18000,110.5,110.5,110.5,0.0,0.0,0.0,False,False,Balanced Doji,,
2018-05-17,110.5,110.5,110.5,110.5,0.0,18000,110.5,110.5,110.5,0.0,0.0,0.0,False,False,Balanced Doji,,
2018-05-17,110.5,110.5,110.5,110.5,0.0,18000,110.5,110.5,110.5,0.0,0.0,0.0,False,False,Balanced Doji,,
2018-05-17,110.5,110.5,110.5,110.5,0.0,18000,,,,,,,False,False,Balanced Doji,,
