date,close,change,volume,open,high,low
2016-09-01,12.60,2.10 (20.00 %),153000,8.40,12.60,8.40
2016-09-05,13.40,0.80 (6.35 %),341000,13.40,13.40,13.40
2016-09-06,14.30,0.90 (6.72 %),865900,14.30,14.30,14.20
2016-09-07,15.30,1.00 (6.99 %),736700,15.30,15.30,15.30
2016-09-08,16.30,1.00 (6.54 %),1534310,16.30,16.30,16.30
2016-09-09,17.40,1.10 (6.75 %),1292310,17.40,17.40,17.40
2016-09-12,18.60,1.20 (6.90 %),1015850,18.60,18.60,18.60
2016-09-13,19.90,1.30 (6.99 %),1189770,19.90,19.90,19.80
2016-09-14,21.25,1.35 (6.78 %),825640,21.25,21.25,21.20
2016-09-15,22.70,1.45 (6.82 %),1626210,22.70,22.70,21.90
2016-09-16,24.25,1.55 (6.83 %),672750,24.25,24.25,24.20
2016-09-19,25.90,1.65 (6.80 %),805780,25.90,25.90,25.85
2016-09-20,25.90,0.00 (0.00 %),1371480,25.90,27.00,24.10
2016-09-21,25.90,0.00 (0.00 %),742590,25.90,26.00,24.10
2016-09-22,24.60,-1.30 (-5.02 %),867480,24.60,25.90,24.35
2016-09-23,25.00,0.40 (1.63 %),595290,23.10,26.30,23.10
2016-09-26,26.10,1.10 (4.40 %),787390,26.00,26.30,25.00
2016-09-27,27.90,1.80 (6.90 %),576120,26.10,27.90,26.10
2016-09-28,29.85,1.95 (6.99 %),671210,29.85,29.85,29.80
2016-09-29,31.90,2.05 (6.87 %),1147630,30.25,31.90,30.25
2016-09-30,34.10,2.20 (6.90 %),471070,34.10,34.10,34.00
2016-10-03,36.45,2.35 (6.89 %),705760,36.45,36.45,36.40
2016-10-04,39.00,2.55 (7.00 %),779620,39.00,39.00,38.95
2016-10-05,41.70,2.70 (6.92 %),1194000,41.65,41.70,39.50
2016-10-06,44.60,2.90 (6.95 %),1059300,41.70,44.60,38.95
2016-10-07,44.45,-0.15 (-0.34 %),1260330,44.10,46.00,41.65
2016-10-10,45.20,0.75 (1.69 %),1346990,42.10,45.20,41.80
2016-10-11,48.35,3.15 (6.97 %),1084980,48.30,48.35,48.30
2016-10-12,51.70,3.35 (6.93 %),731430,51.60,51.70,50.40
2016-10-13,50.10,-1.60 (-3.09 %),1550830,51.70,51.80,48.10
2016-10-14,53.60,3.50 (6.99 %),936580,50.10,53.60,50.10
2016-10-17,57.30,3.70 (6.90 %),666140,53.60,57.30,53.50
2016-10-18,55.50,-1.80 (-3.14 %),871330,57.00,57.00,53.80
2016-10-19,59.30,3.80 (6.85 %),1331150,57.00,59.30,55.00
2016-10-20,63.40,4.10 (6.91 %),870930,59.30,63.40,59.30
2016-10-21,67.80,4.40 (6.94 %),1120160,63.00,67.80,59.40
2016-10-24,67.50,-0.30 (-0.44 %),1696690,64.90,72.00,64.40
2016-10-25,72.20,4.70 (6.96 %),952020,68.00,72.20,68.00
2016-10-26,74.00,1.80 (2.49 %),1536650,72.00,74.10,69.30
2016-10-27,79.10,5.10 (6.89 %),3125110,73.00,79.10,68.90
2016-10-28,84.60,5.50 (6.95 %),1212810,80.10,84.60,80.10
2016-10-31,86.30,1.70 (2.01 %),1890620,86.30,89.70,81.00
2016-11-01,85.00,-1.30 (-1.51 %),2116350,84.00,87.00,80.30
2016-11-02,90.90,5.90 (6.94 %),1764690,86.40,90.90,86.00
2016-11-03,94.20,3.30 (3.63 %),1585900,91.00,94.20,85.60
2016-11-04,90.00,-4.20 (-4.46 %),2209790,91.00,94.00,87.70
2016-11-07,96.20,6.20 (6.89 %),1646560,92.00,96.30,92.00
2016-11-08,100.10,3.90 (4.05 %),1627200,97.90,102.00,94.10
2016-11-09,95.00,-5.10 (-5.09 %),2175670,100.20,100.30,93.10
2016-11-10,101.60,6.60 (6.95 %),1695570,97.50,101.60,96.00
2016-11-11,108.70,7.10 (6.99 %),2325570,102.50,108.70,97.00
2016-11-14,116.20,7.50 (6.90 %),2731660,106.00,116.30,105.00
2016-11-15,120.00,3.80 (3.27 %),2757830,116.20,120.00,108.10
2016-11-16,113.00,-7.00 (-5.83 %),2614360,118.00,119.40,111.60
2016-11-17,120.90,7.90 (6.99 %),1934620,111.20,120.90,111.20
2016-11-18,124.00,3.10 (2.56 %),3250440,119.00,124.00,112.50
2016-11-21,118.00,-6.00 (-4.84 %),2831890,116.00,124.00,115.40
2016-11-22,125.20,7.20 (6.10 %),2410130,118.10,126.00,118.10
2016-11-23,126.40,1.20 (0.96 %),3946760,121.90,126.50,116.50
2016-11-24,118.00,-8.40 (-6.65 %),2918630,126.40,126.40,117.60
2016-11-25,126.00,8.00 (6.78 %),4141750,118.10,126.00,109.80
2016-11-28,127.00,1.00 (0.79 %),3807880,120.10,127.00,117.20
2016-11-29,118.50,-8.50 (-6.69 %),3385420,122.10,126.00,118.20
2016-11-30,125.00,6.50 (5.49 %),2147480,119.00,125.00,119.00
2016-12-01,121.00,-4.00 (-3.20 %),3580890,122.20,123.00,116.30
2016-12-02,124.10,3.10 (2.56 %),4459750,121.10,125.00,112.60
2016-12-05,118.80,-5.30 (-4.27 %),2547280,117.00,121.00,115.50
2016-12-06,111.10,-7.70 (-6.48 %),3211160,119.00,119.10,110.50
2016-12-07,116.90,5.80 (5.22 %),2479740,111.00,118.70,103.80
2016-12-08,111.20,-5.70 (-4.88 %),2242810,116.90,117.00,108.80
2016-12-09,111.20,0.00 (0.00 %),2641770,111.20,113.70,103.60
2016-12-12,108.00,-3.20 (-2.88 %),3199240,111.10,111.60,103.50
2016-12-13,100.80,-7.20 (-6.67 %),3068330,101.00,108.00,100.50
2016-12-14,103.20,2.40 (2.38 %),2173540,100.20,103.60,100.20
2016-12-15,104.00,0.80 (0.78 %),2303800,103.20,105.00,103.00
2016-12-16,105.10,1.10 (1.06 %),2259220,104.00,105.20,103.80
2016-12-19,106.60,1.50 (1.43 %),2246680,105.10,106.80,105.10
2016-12-20,107.50,0.90 (0.84 %),2643300,106.90,107.60,106.80
2016-12-21,108.60,1.10 (1.02 %),2687660,108.00,108.70,107.50
2016-12-22,109.40,0.80 (0.74 %),2342000,109.00,109.50,108.60
2016-12-23,110.20,0.80 (0.73 %),2731040,109.80,110.30,109.40
2016-12-26,110.90,0.70 (0.64 %),1655680,110.20,111.00,110.00
2016-12-27,111.80,0.90 (0.81 %),1643780,111.00,111.90,111.00
2016-12-28,112.70,0.90 (0.81 %),1417690,111.90,112.80,111.80
2016-12-29,113.60,0.90 (0.80 %),1598690,113.10,113.70,112.80
2016-12-30,114.70,1.10 (0.97 %),2175860,113.70,114.80,113.70
2017-01-03,115.80,1.10 (0.96 %),1738230,115.80,115.90,114.80
2017-01-04,116.50,0.70 (0.60 %),1881210,116.10,116.60,115.70
2017-01-05,117.40,0.90 (0.77 %),1577030,116.80,117.50,116.50
2017-01-06,118.30,0.90 (0.77 %),1601860,117.50,118.40,117.50
2017-01-09,118.30,0.00 (0.00 %),2374110,118.30,118.40,117.80
2017-01-10,119.00,0.70 (0.59 %),1601430,118.30,119.10,118.30
2017-01-11,120.00,1.00 (0.84 %),1731550,119.10,120.10,119.00
2017-01-12,120.80,0.80 (0.67 %),1604210,120.20,120.90,120.00
2017-01-13,121.80,1.00 (0.83 %),1642010,120.90,121.90,120.90
2017-01-16,122.70,0.90 (0.74 %),2007790,122.00,122.80,121.80
2017-01-17,123.70,1.00 (0.81 %),1567500,122.90,123.80,122.80
2017-01-18,124.60,0.90 (0.73 %),1582950,123.90,124.70,123.70
2017-01-19,125.50,0.90 (0.72 %),2058800,124.80,125.60,124.70
2017-01-20,126.50,1.00 (0.80 %),1728760,125.60,126.60,125.60
2017-01-23,127.50,1.00 (0.79 %),1599570,126.70,127.60,126.60
2017-01-24,128.40,0.90 (0.71 %),1413390,127.60,128.50,127.60
2017-01-25,129.50,1.10 (0.86 %),1812690,128.50,129.60,128.50
2017-02-02,130.40,0.90 (0.69 %),1514630,129.60,130.50,129.60
2017-02-03,131.50,1.10 (0.84 %),1887620,130.50,131.60,130.50
2017-02-06,132.40,0.90 (0.68 %),2155880,131.60,132.50,131.60
2017-02-07,133.40,1.00 (0.76 %),2165770,132.60,133.50,132.50
2017-02-08,134.30,0.90 (0.67 %),1765780,133.50,134.40,133.50
2017-02-09,135.40,1.10 (0.82 %),2348410,134.40,135.50,134.30
2017-02-10,136.40,1.00 (0.74 %),2736470,135.60,136.50,135.50
2017-02-13,137.30,0.90 (0.66 %),2377350,137.00,137.40,136.50
2017-02-14,138.50,1.20 (0.87 %),2625520,138.00,138.60,137.30
2017-02-15,139.40,0.90 (0.65 %),2649600,138.60,139.50,138.50
2017-02-16,140.40,1.00 (0.72 %),2581460,139.60,140.50,139.40
2017-02-17,141.50,1.10 (0.78 %),3018760,140.60,141.60,140.40
2017-02-20,142.50,1.00 (0.71 %),2862130,141.80,142.60,141.50
2017-02-21,143.50,1.00 (0.70 %),2867010,142.60,143.60,142.60
2017-02-22,144.60,1.10 (0.77 %),3026400,143.80,144.70,143.60
2017-02-23,145.60,1.00 (0.69 %),3076690,144.70,145.70,144.70
2017-02-24,146.70,1.10 (0.76 %),3217740,145.70,146.80,145.60
2017-02-27,147.80,1.10 (0.75 %),2794150,147.80,147.90,146.70
2017-02-28,148.90,1.10 (0.74 %),3070460,148.10,149.00,147.80
2017-03-01,150.10,1.20 (0.81 %),3552720,149.10,150.30,148.90
2017-03-02,151.40,1.30 (0.87 %),2965200,150.40,151.50,150.10
2017-03-03,152.70,1.30 (0.86 %),3657580,151.50,152.80,151.40
2017-03-06,163.30,10.60 (6.94 %),4125110,160.00,163.30,154.80
2017-03-07,168.00,4.70 (2.88 %),4151370,167.10,168.10,165.10
2017-03-08,167.00,-1.00 (-0.60 %),4485740,164.10,167.10,164.00
2017-03-09,169.00,2.00 (1.20 %),4088180,167.50,169.10,167.00
2017-03-10,171.20,2.20 (1.30 %),3768730,171.20,171.30,169.10
2017-03-13,173.30,2.10 (1.23 %),3815330,171.30,173.40,171.20
2017-03-14,175.50,2.20 (1.27 %),4014000,173.90,175.60,173.30
2017-03-15,177.80,2.30 (1.31 %),4080830,175.90,177.90,175.50
2017-03-16,172.10,-5.70 (-3.21 %),5630310,168.00,175.00,168.00
2017-03-17,160.10,-12.00 (-6.97 %),3350990,172.20,173.70,160.10
2017-03-20,151.50,-8.60 (-5.37 %),5890690,150.00,153.00,150.00
2017-03-21,152.70,1.20 (0.79 %),3623560,151.60,152.80,151.50
2017-03-22,154.00,1.30 (0.85 %),3871610,153.00,154.10,152.70
2017-03-23,155.20,1.20 (0.78 %),3461580,154.10,155.30,154.00
2017-03-24,156.50,1.30 (0.84 %),3566000,155.30,156.60,155.30
2017-03-27,158.50,2.00 (1.28 %),4612550,157.00,158.60,156.70
2017-03-28,160.30,1.80 (1.14 %),2848730,158.90,160.40,158.70
2017-03-29,160.10,-0.20 (-0.12 %),4501470,158.20,160.20,158.20
2017-03-30,162.10,2.00 (1.25 %),3934070,160.30,162.20,160.20
2017-03-31,164.10,2.00 (1.23 %),3406900,162.30,164.20,162.20
2017-04-03,166.20,2.10 (1.28 %),5284980,165.00,166.30,164.30
2017-04-04,166.20,0.00 (0.00 %),4822790,164.00,166.30,163.90
2017-04-05,167.70,1.50 (0.90 %),3276480,166.30,167.80,166.30
2017-04-07,169.30,1.60 (0.95 %),4476390,168.10,169.40,167.80
2017-04-10,169.10,-0.20 (-0.12 %),6106090,168.70,169.20,166.80
2017-04-11,170.50,1.40 (0.83 %),3175170,169.20,170.60,169.10
2017-04-12,172.00,1.50 (0.88 %),4777120,170.60,172.10,170.50
2017-04-13,172.00,0.00 (0.00 %),7403790,169.20,172.10,169.10
2017-04-14,173.00,1.00 (0.58 %),4523690,170.10,173.10,170.00
2017-04-17,166.10,-6.90 (-3.99 %),7549060,171.60,174.10,166.00
2017-04-18,161.00,-5.10 (-3.07 %),7519520,160.00,161.10,158.10
2017-04-19,161.50,0.50 (0.31 %),4374690,161.10,161.60,159.00
2017-04-20,162.50,1.00 (0.62 %),4494390,160.60,162.60,160.00
2017-04-21,163.00,0.50 (0.31 %),8609850,162.50,163.10,160.10
2017-04-24,163.00,0.00 (0.00 %),4891750,161.20,163.10,161.10
2017-04-25,164.00,1.00 (0.61 %),4905490,163.00,164.10,161.60
2017-04-26,160.10,-3.90 (-2.38 %),7113930,163.00,163.60,160.10
2017-04-27,161.00,0.90 (0.56 %),4728130,160.00,161.10,158.10
2017-04-28,162.00,1.00 (0.62 %),4132570,161.00,162.10,160.10
2017-05-03,160.50,-1.50 (-0.93 %),7406020,160.10,160.60,157.10
2017-05-04,161.00,0.50 (0.31 %),5271510,158.20,161.10,158.10
2017-05-05,161.50,0.50 (0.31 %),4990660,159.00,161.60,158.60
2017-05-08,160.10,-1.40 (-0.87 %),9292440,161.00,161.00,156.10
2017-05-09,160.20,0.10 (0.06 %),5295610,160.10,160.30,156.20
2017-05-10,160.30,0.10 (0.06 %),4716680,158.00,160.40,156.30
2017-05-11,160.40,0.10 (0.06 %),9781190,156.70,160.50,156.40
2017-05-12,162.00,1.60 (1.00 %),6069320,158.00,162.00,156.50
2017-05-15,160.10,-1.90 (-1.17 %),5919840,157.30,160.20,156.10
2017-05-16,160.30,0.20 (0.12 %),9423280,156.30,160.40,156.10
2017-05-17,160.60,0.30 (0.19 %),6699990,160.30,160.70,157.10
2017-05-18,157.10,-3.50 (-2.18 %),6889590,157.00,157.20,153.10
2017-05-19,154.50,-2.60 (-1.65 %),9341320,153.10,154.60,150.10
2017-05-22,143.70,-10.80 (-6.99 %),4552700,153.00,153.00,143.70
2017-05-23,133.70,-10.00 (-6.96 %),4074780,133.70,137.00,133.70
2017-05-24,126.00,-7.70 (-5.76 %),6188420,124.40,126.10,124.40
2017-05-25,127.50,1.50 (1.19 %),5253030,126.10,127.60,126.00
2017-05-26,129.00,1.50 (1.18 %),5372130,128.00,129.10,127.50
2017-05-29,130.00,1.00 (0.78 %),5159520,129.00,130.10,128.50
2017-05-30,131.00,1.00 (0.77 %),4733210,130.00,131.10,129.50
2017-05-31,132.00,1.00 (0.76 %),5303740,130.60,132.10,130.50
2017-06-01,132.00,0.00 (0.00 %),4895340,131.80,132.10,130.00
2017-06-02,123.50,-8.50 (-6.44 %),6449910,131.10,132.00,122.80
2017-06-05,121.00,-2.50 (-2.02 %),6851770,118.50,121.10,118.10
2017-06-06,121.50,0.50 (0.41 %),3169070,121.10,121.80,121.00
2017-06-07,121.80,0.30 (0.25 %),3857220,121.50,121.90,121.50
2017-06-08,113.30,-8.50 (-6.98 %),97490,113.30,113.30,113.30
2017-06-09,105.40,-7.90 (-6.97 %),2628420,105.40,105.50,105.40
2017-06-12,112.70,7.30 (6.93 %),1072080,112.70,112.70,112.60
2017-06-13,120.50,7.80 (6.92 %),4825990,120.00,120.50,116.00
2017-06-14,112.10,-8.40 (-6.97 %),3122850,120.50,124.00,112.10
2017-06-15,104.30,-7.80 (-6.96 %),2040980,104.30,104.50,104.30
2017-06-16,97.00,-7.30 (-7.00 %),3762240,97.00,98.00,97.00
2017-06-19,90.30,-6.70 (-6.91 %),1997890,90.30,90.30,90.30
2017-06-20,84.30,-6.00 (-6.64 %),4108380,84.00,90.20,84.00
2017-06-21,85.00,0.70 (0.83 %),1600030,78.40,88.00,78.40
2017-06-22,85.30,0.30 (0.35 %),1268970,87.50,87.50,85.20
2017-06-23,86.00,0.70 (0.82 %),1762330,85.30,86.10,85.30
2017-06-26,86.50,0.50 (0.58 %),2286540,86.00,87.00,85.70
2017-06-27,87.00,0.50 (0.58 %),2268010,87.00,87.10,86.50
2017-06-28,87.50,0.50 (0.57 %),2259510,87.00,87.60,87.00
2017-06-29,88.00,0.50 (0.57 %),2069730,87.90,88.20,87.50
2017-06-30,88.50,0.50 (0.57 %),1759310,88.40,88.60,88.10
2017-07-03,89.00,0.50 (0.56 %),2202300,88.60,89.10,88.60
2017-07-04,81.50,0.59 (0.73 %),2557630,82.80,82.80,80.90
2017-07-05,82.00,0.50 (0.61 %),2134240,81.60,82.10,81.60
2017-07-06,82.50,0.50 (0.61 %),2002760,82.30,82.60,82.10
2017-07-07,83.00,0.50 (0.61 %),2644130,83.00,83.10,82.60
2017-07-10,83.50,0.50 (0.60 %),2924590,83.10,83.60,83.10
2017-07-11,84.00,0.50 (0.60 %),2124580,83.60,84.10,83.60
2017-07-12,84.50,0.50 (0.60 %),2216020,84.30,84.60,84.10
2017-07-13,85.00,0.50 (0.59 %),2002460,84.60,85.10,84.60
2017-07-14,85.50,0.50 (0.59 %),2134600,85.20,85.60,85.10
2017-07-17,86.20,0.70 (0.82 %),2851140,85.80,86.30,85.80
2017-07-18,87.00,0.80 (0.93 %),2310920,86.50,87.10,86.50
2017-07-19,87.50,0.50 (0.57 %),2294720,87.70,87.70,87.10
2017-07-20,88.00,0.50 (0.57 %),2310580,87.60,88.10,87.60
2017-07-21,88.50,0.50 (0.57 %),2390070,88.10,88.60,88.10
2017-07-24,89.00,0.50 (0.56 %),2840890,88.60,89.10,88.60
2017-07-25,89.50,0.50 (0.56 %),2402410,89.10,89.60,89.10
2017-07-26,90.00,0.50 (0.56 %),2601560,89.90,90.10,89.60
2017-07-27,90.50,0.50 (0.56 %),2863690,90.10,90.60,90.10
2017-07-28,91.00,0.50 (0.55 %),2505620,90.90,91.10,90.60
2017-07-31,91.50,0.50 (0.55 %),2310510,91.10,91.60,91.10
2017-08-01,92.00,0.50 (0.55 %),2116560,91.60,92.10,91.60
2017-08-02,92.50,0.50 (0.54 %),2645090,92.30,92.60,92.10
2017-08-03,93.00,0.50 (0.54 %),2437760,92.70,93.20,92.60
2017-08-04,93.50,0.50 (0.54 %),2658490,93.10,93.60,93.10
2017-08-07,94.00,0.50 (0.53 %),2270410,93.60,94.10,93.60
2017-08-08,94.50,0.50 (0.53 %),2269970,94.50,94.60,94.10
2017-08-09,95.00,0.50 (0.53 %),3626210,94.70,95.10,94.60
2017-08-10,90.50,-4.50 (-4.74 %),3491010,90.00,91.00,90.00
2017-08-11,91.00,0.50 (0.55 %),2856030,90.70,91.10,90.60
2017-08-14,91.50,0.50 (0.55 %),2151170,91.10,91.60,91.10
2017-08-15,92.00,0.50 (0.55 %),2022680,91.70,92.10,91.60
2017-08-16,92.50,0.50 (0.54 %),2369550,92.10,92.60,92.10
2017-08-17,93.00,0.50 (0.54 %),2196940,92.60,93.10,92.60
2017-08-18,93.50,0.50 (0.54 %),2382220,93.10,93.50,93.10
2017-08-21,94.00,0.50 (0.53 %),3450380,93.70,94.10,93.60
2017-08-22,94.60,0.60 (0.64 %),2494260,94.10,94.60,94.10
2017-08-23,95.30,0.70 (0.74 %),2332030,94.70,95.30,94.70
2017-08-24,96.50,1.20 (1.26 %),2364320,95.40,96.60,95.40
2017-08-25,98.00,1.50 (1.55 %),2793180,97.00,98.10,96.60
2017-08-28,104.80,6.80 (6.94 %),4773500,98.70,104.80,98.10
2017-08-29,106.00,1.20 (1.15 %),3166570,106.00,106.10,104.90
2017-08-30,109.00,3.00 (2.83 %),2679840,106.20,109.00,106.10
2017-08-31,111.00,2.00 (1.83 %),4976650,109.40,111.10,109.10
2017-09-01,113.00,2.00 (1.80 %),3651680,112.00,113.10,111.10
2017-09-05,114.80,1.80 (1.59 %),3534560,113.30,114.90,113.10
2017-09-06,116.80,2.00 (1.74 %),5061330,115.00,116.90,114.90
2017-09-07,118.30,1.50 (1.28 %),4118250,117.10,118.40,116.90
2017-09-08,119.30,1.00 (0.85 %),3018400,119.10,119.40,118.40
2017-09-11,120.50,1.20 (1.01 %),4027810,119.60,120.60,119.40
2017-09-12,114.00,-6.50 (-5.39 %),5409030,120.60,120.80,112.40
2017-09-13,115.00,1.00 (0.88 %),4035270,114.10,115.10,114.10
2017-09-14,116.10,1.10 (0.96 %),4099560,115.20,116.20,115.10
2017-09-15,117.00,0.90 (0.78 %),2891750,116.20,117.10,116.20
2017-09-18,117.80,0.80 (0.68 %),2283900,117.10,117.90,117.10
2017-09-19,118.90,1.10 (0.93 %),3415820,118.00,119.00,117.90
2017-09-20,119.60,0.70 (0.59 %),2992110,119.10,119.70,119.00
2017-09-21,120.30,0.70 (0.59 %),2604930,119.70,120.40,119.70
2017-09-22,128.70,8.40 (6.98 %),2790300,120.40,128.70,120.40
2017-09-25,120.30,-8.40 (-6.53 %),3225110,121.00,122.00,119.70
2017-09-26,112.90,-7.40 (-6.15 %),3463810,120.90,120.90,111.90
2017-09-27,105.70,-7.20 (-6.38 %),3415970,105.10,106.00,105.00
2017-09-28,106.40,0.70 (0.66 %),1851930,105.80,106.50,105.80
2017-09-29,107.10,0.70 (0.66 %),1551950,107.00,107.20,106.50
2017-10-02,107.80,0.70 (0.65 %),1610380,107.20,107.90,107.20
2017-10-03,108.50,0.70 (0.65 %),1779090,107.90,108.60,107.90
2017-10-04,109.20,0.70 (0.65 %),1469530,108.50,109.30,108.50
2017-10-05,110.00,0.80 (0.73 %),1337890,109.60,110.10,109.30
2017-10-06,110.70,0.70 (0.64 %),1580860,110.20,110.80,110.10
2017-10-09,111.40,0.70 (0.63 %),1544960,110.80,111.50,110.80
2017-10-10,112.10,0.70 (0.63 %),1448460,111.70,112.20,111.50
2017-10-11,112.80,0.70 (0.62 %),1526540,112.20,112.90,112.20
2017-10-12,113.40,0.60 (0.53 %),1749530,112.90,113.50,112.90
2017-10-13,114.20,0.80 (0.71 %),1830190,113.60,114.30,113.50
2017-10-16,114.90,0.70 (0.61 %),1548650,114.30,115.00,114.30
2017-10-17,115.50,0.60 (0.52 %),1646130,115.10,115.60,115.00
2017-10-18,123.50,8.00 (6.93 %),2163520,115.60,123.50,115.60
2017-10-19,132.10,8.60 (6.96 %),4807320,123.50,132.10,123.40
2017-10-20,141.30,9.20 (6.96 %),4290470,132.10,141.30,123.20
2017-10-23,150.80,9.50 (6.72 %),2598650,150.80,151.00,132.00
2017-10-24,161.30,10.50 (6.96 %),1587540,142.10,161.30,142.10
2017-10-25,172.00,10.70 (6.63 %),1543240,163.00,172.30,153.00
2017-10-26,183.40,11.40 (6.63 %),1493370,163.00,184.00,163.00
2017-10-27,196.00,12.60 (6.87 %),1188240,190.00,196.20,186.00
2017-10-30,209.70,13.70 (6.99 %),675620,196.00,209.70,188.00
2017-10-31,200.00,-9.70 (-4.63 %),1063370,206.00,220.00,195.10
2017-11-01,214.00,14.00 (7.00 %),1465940,200.00,214.00,200.00
2017-11-02,200.30,-13.70 (-6.40 %),776380,213.80,225.00,200.30
2017-11-03,214.10,13.80 (6.89 %),1325840,206.00,214.30,200.60
2017-11-06,200.30,-13.80 (-6.45 %),1003840,217.00,218.00,200.30
2017-11-07,200.60,0.30 (0.15 %),867430,208.00,213.90,190.00
2017-11-08,186.90,-13.70 (-6.83 %),1053550,205.50,207.10,186.60
2017-11-09,174.20,-12.70 (-6.80 %),1205870,186.90,187.00,173.90
2017-11-10,174.60,0.40 (0.23 %),1081700,164.00,179.00,162.50
2017-11-13,176.10,1.50 (0.86 %),984380,175.00,179.50,174.00
2017-11-14,177.60,1.50 (0.85 %),1306850,176.10,179.50,176.10
2017-11-15,179.00,1.40 (0.79 %),672980,179.00,179.90,177.60
2017-11-16,180.40,1.40 (0.78 %),755730,180.80,181.50,178.00
2017-11-17,182.00,1.60 (0.89 %),1029570,180.50,182.10,180.30
2017-11-20,181.40,-0.60 (-0.33 %),1024990,181.50,182.00,179.70
2017-11-21,182.70,1.30 (0.72 %),909250,181.40,182.90,181.40
2017-11-22,184.10,1.40 (0.77 %),869560,182.80,188.00,182.60
2017-11-23,185.30,1.20 (0.65 %),773470,185.00,187.00,184.10
2017-11-24,186.30,1.00 (0.54 %),1183440,185.30,186.90,185.30
2017-11-27,187.70,1.40 (0.75 %),914280,186.30,187.80,186.30
2017-11-28,189.10,1.40 (0.75 %),1095280,188.00,190.00,187.70
2017-11-29,176.20,-12.90 (-6.82 %),1690110,176.30,180.00,176.10
2017-11-30,177.70,1.50 (0.85 %),946550,176.20,178.10,176.20
2017-12-01,178.90,1.20 (0.68 %),1145730,177.90,180.60,177.70
2017-12-04,168.00,-10.90 (-6.09 %),1973500,166.80,170.00,166.70
2017-12-05,157.50,-10.50 (-6.25 %),1338940,168.00,168.90,156.30
2017-12-06,150.90,-6.60 (-4.19 %),1902960,149.00,150.90,146.50
2017-12-07,152.20,1.30 (0.86 %),921060,151.00,152.50,151.00
2017-12-08,153.50,1.30 (0.85 %),983580,152.30,153.60,152.30
2017-12-11,144.20,-9.30 (-6.06 %),1498330,142.90,147.90,142.90
2017-12-12,145.20,1.00 (0.69 %),1042060,144.30,146.50,144.30
2017-12-13,146.20,1.00 (0.69 %),1319630,146.00,146.30,145.20
2017-12-14,147.10,0.90 (0.62 %),1405940,146.70,153.00,146.20
2017-12-15,136.90,-10.20 (-6.93 %),3903110,147.10,148.60,136.90
2017-12-18,146.40,9.50 (6.94 %),969960,146.00,146.40,145.00
2017-12-19,156.60,10.20 (6.97 %),1747490,156.60,156.60,155.20
2017-12-20,167.50,10.90 (6.96 %),1732620,156.60,167.50,156.60
2017-12-21,160.30,-7.20 (-4.30 %),3317280,167.50,170.30,160.10
2017-12-22,162.00,1.70 (1.06 %),1448030,160.40,162.30,160.40
2017-12-25,163.50,1.50 (0.93 %),1452740,162.00,163.60,162.00
2017-12-26,165.50,2.00 (1.22 %),1813750,164.50,165.60,163.50
2017-12-27,167.30,1.80 (1.09 %),1592080,165.50,167.90,165.50
2017-12-28,170.00,2.70 (1.61 %),1591090,169.00,170.30,167.40
2017-12-29,181.70,11.70 (6.88 %),2090700,171.90,181.70,170.30
2018-01-02,169.50,-12.20 (-6.71 %),3270050,172.50,178.00,169.00
2018-01-03,162.00,-7.50 (-4.42 %),1282380,169.00,169.00,160.00
2018-01-04,164.00,2.00 (1.23 %),1113190,165.00,165.00,162.30
2018-01-05,165.70,1.70 (1.04 %),1418070,165.50,166.00,164.40
2018-01-08,167.20,1.50 (0.91 %),1027000,166.00,167.50,161.00
2018-01-09,168.80,1.60 (0.96 %),1082790,167.50,168.90,167.50
2018-01-10,162.50,-6.30 (-3.73 %),1707050,169.10,170.10,161.00
2018-01-11,164.30,1.80 (1.11 %),1203100,162.80,164.40,162.80
2018-01-12,165.80,1.50 (0.91 %),1233200,164.90,165.80,164.60
2018-01-15,165.80,0.00 (0.00 %),1196450,165.00,166.00,163.90
2018-01-16,162.50,-3.30 (-1.99 %),1388090,160.00,164.90,160.00
2018-01-17,164.80,2.30 (1.42 %),1613900,162.80,165.00,162.80
2018-01-18,166.30,1.50 (0.91 %),1426430,165.50,166.40,165.10
2018-01-19,167.80,1.50 (0.90 %),3987020,166.60,167.90,166.60
2018-01-22,169.00,1.20 (0.72 %),1166160,168.50,169.10,166.80
2018-01-25,163.00,-6.00 (-3.55 %),1269630,163.00,163.10,160.10
2018-01-26,164.00,1.00 (0.61 %),1241340,163.00,170.00,162.10
2018-01-29,165.50,1.50 (0.91 %),1094810,165.00,166.00,163.50
2018-01-30,163.00,-2.50 (-1.51 %),889760,165.00,165.00,161.10
2018-01-31,174.40,11.40 (6.99 %),1183140,163.10,174.40,163.10
2018-02-01,164.60,-9.80 (-5.62 %),1232480,168.00,168.00,162.70
2018-02-02,162.00,-2.60 (-1.58 %),1000300,164.60,164.60,160.10
2018-02-05,162.90,0.90 (0.56 %),1440440,161.00,163.00,161.00
2018-02-06,151.50,-11.40 (-7.00 %),727110,151.50,162.00,151.50
2018-02-07,162.10,10.60 (7.00 %),1066010,145.00,162.10,145.00
2018-02-08,153.50,-8.60 (-5.31 %),885130,162.10,162.10,151.30
2018-02-09,143.50,-10.00 (-6.51 %),1001880,153.00,153.00,143.20
2018-02-12,150.00,6.50 (4.53 %),1416570,143.80,150.00,143.80
2018-02-13,149.20,-0.80 (-0.53 %),677990,145.00,152.10,143.30
2018-02-21,140.00,-9.20 (-6.17 %),872880,149.50,151.90,140.00
2018-02-22,141.90,1.90 (1.36 %),1031220,140.00,144.90,140.00
2018-02-23,142.30,0.40 (0.28 %),1019990,145.00,145.00,135.00
2018-02-26,144.30,2.00 (1.41 %),929370,143.50,145.70,143.50
2018-02-27,144.40,0.10 (0.07 %),895400,146.00,146.50,137.00
2018-02-28,137.20,-7.20 (-4.99 %),1156050,144.00,145.90,137.20
2018-03-01,139.80,2.60 (1.90 %),1277230,141.90,141.90,137.40
2018-03-02,140.20,0.40 (0.29 %),925640,141.50,141.90,139.70
2018-03-05,139.00,-1.20 (-0.86 %),863930,141.90,142.00,135.60
2018-03-06,135.00,-4.00 (-2.88 %),814300,139.80,139.90,130.00
2018-03-07,139.00,4.00 (2.96 %),823240,135.00,143.50,134.80
2018-03-08,137.90,-1.10 (-0.79 %),787690,139.90,140.00,134.00
2018-03-09,138.70,0.80 (0.58 %),1027590,138.20,140.00,136.00
2018-03-12,138.60,-0.10 (-0.07 %),963740,138.60,139.00,136.00
2018-03-13,138.60,0.00 (0.00 %),1043120,138.60,139.00,135.50
2018-03-14,138.00,-0.60 (-0.43 %),1096980,138.90,139.00,133.00
2018-03-15,136.80,-1.20 (-0.87 %),1059830,138.00,138.30,136.50
2018-03-16,127.30,-9.50 (-6.94 %),1615100,127.30,137.80,127.30
2018-03-19,136.20,8.90 (6.99 %),502840,136.20,136.20,136.20
2018-03-20,145.70,9.50 (6.98 %),526180,145.70,145.70,145.60
2018-03-21,155.80,10.10 (6.93 %),1694630,139.00,155.80,135.60
2018-03-22,145.20,-10.60 (-6.80 %),1266230,148.00,155.00,144.90
2018-03-23,135.10,-10.10 (-6.96 %),1355400,145.20,145.20,135.10
2018-03-26,142.00,6.90 (5.11 %),1111460,136.90,142.00,127.00
2018-03-27,144.00,2.00 (1.41 %),912040,142.50,145.00,142.30
2018-03-28,144.30,0.30 (0.21 %),1065280,144.00,146.00,136.00
2018-03-29,134.70,-9.60 (-6.65 %),1261850,144.30,144.90,134.20
2018-03-30,135.00,0.30 (0.22 %),1041450,135.00,137.00,130.10
2018-04-02,144.40,9.40 (6.96 %),2003890,135.40,144.40,125.60
2018-04-03,134.60,-9.80 (-6.79 %),1383440,144.50,144.80,134.30
2018-04-04,135.00,0.40 (0.30 %),824420,135.00,138.00,134.50
2018-04-05,126.00,-9.00 (-6.67 %),1837360,130.00,136.00,125.60
2018-04-06,132.00,6.00 (4.76 %),1128430,126.40,132.00,126.30
2018-04-09,122.80,-9.20 (-6.97 %),1673050,132.00,133.50,122.80
2018-04-10,115.20,-7.60 (-6.19 %),1573360,122.80,124.40,114.30
2018-04-11,107.20,-8.00 (-6.94 %),2036090,107.80,112.00,107.20
2018-04-12,100.00,-7.20 (-6.72 %),1257760,100.00,104.90,99.70
2018-04-13,107.00,7.00 (7.00 %),1363620,101.00,107.00,100.90
2018-04-16,100.20,-6.80 (-6.36 %),1601280,105.00,105.00,99.60
2018-04-17,100.50,0.30 (0.30 %),1748370,100.00,102.90,100.00
2018-04-18,93.80,-6.70 (-6.67 %),1367980,100.50,102.00,93.80
2018-04-19,87.60,-6.20 (-6.61 %),1399230,96.00,97.00,87.60
2018-04-20,89.30,1.70 (1.94 %),971280,89.50,89.50,82.10
2018-04-23,83.40,-5.90 (-6.61 %),1017950,83.40,88.90,83.40
2018-04-24,80.10,-3.30 (-3.96 %),640010,80.00,85.00,78.00
2018-04-26,80.40,0.30 (0.37 %),722880,80.40,82.50,80.40
2018-04-27,86.00,5.60 (6.97 %),857740,81.50,86.00,80.70
2018-05-02,81.40,-4.60 (-5.35 %),568690,81.40,87.00,81.40
2018-05-03,82.30,0.90 (1.11 %),666500,81.90,83.30,81.90
2018-05-04,73.30,-9.00 (-10.94 %),196010,73.30,73.30,73.30
2018-05-07,78.40,5.10 (6.96 %),349370,78.40,78.40,78.30
2018-05-08,83.80,5.40 (6.89 %),1108800,83.60,83.80,76.00
2018-05-09,85.00,1.20 (1.43 %),807810,83.00,87.80,83.00
2018-05-10,81.90,-3.10 (-3.65 %),879160,84.00,86.50,79.10
2018-05-11,80.50,-1.40 (-1.71 %),377010,78.20,81.80,76.80
2018-05-14,81.50,1.00 (1.24 %),606260,80.80,81.90,80.80
2018-05-15,82.40,0.90 (1.10 %),621380,81.80,83.00,81.80
2018-05-16,80.00,-2.40 (-2.91 %),385600,82.00,82.50,80.00
2018-05-17,76.00,-4.00 (-5.00 %),427600,81.90,81.90,75.00
2018-05-18,76.30,0.30 (0.39 %),624960,74.70,78.00,73.80
2018-05-21,75.00,-1.30 (-1.70 %),566860,76.30,77.00,71.50
2018-05-22,71.90,-3.10 (-4.13 %),810000,75.00,75.40,69.90
2018-05-23,70.00,-1.90 (-2.64 %),868380,71.90,72.00,66.90
2018-05-24,65.10,-4.90 (-7.00 %),995710,70.00,70.40,65.10
2018-05-25,61.20,-3.90 (-5.99 %),1102930,62.00,65.10,61.00
2018-05-28,57.00,-4.20 (-6.86 %),624110,58.70,61.20,57.00
2018-05-29,53.20,-3.80 (-6.67 %),634990,54.20,57.00,53.10
2018-05-30,56.80,3.60 (6.77 %),321520,55.50,56.80,52.00
2018-05-31,60.70,3.90 (6.87 %),671670,56.70,60.70,56.60
2018-06-01,61.00,0.30 (0.49 %),490840,60.70,62.90,60.00
2018-06-04,62.00,1.00 (1.64 %),420230,61.00,62.50,60.50
2018-06-05,62.70,0.70 (1.13 %),369680,62.00,63.00,61.00
2018-06-06,61.90,-0.80 (-1.28 %),535860,62.70,63.50,61.00
2018-06-07,61.60,-0.30 (-0.48 %),550440,62.00,62.50,60.50
2018-06-08,61.00,-0.60 (-0.97 %),429730,61.60,62.00,60.00
2018-06-11,65.20,4.20 (6.89 %),863130,65.00,65.20,63.00
2018-06-12,64.80,-0.40 (-0.61 %),3009090,67.00,69.70,60.70
2018-06-13,62.00,-2.80 (-4.32 %),2403830,66.00,66.00,60.30
2018-06-14,61.00,-1.00 (-1.61 %),584540,60.00,62.00,59.80
2018-06-15,56.80,-4.20 (-6.89 %),2761410,59.90,60.70,56.80
2018-06-18,55.00,-1.80 (-3.17 %),460500,56.50,58.50,54.00
2018-06-19,51.20,-3.80 (-6.91 %),636140,54.00,54.00,51.20
2018-06-20,49.90,-1.30 (-2.54 %),419670,51.20,52.80,48.50
2018-06-21,46.50,-3.40 (-6.81 %),514000,51.00,51.00,46.50
2018-06-22,43.25,-3.25 (-6.99 %),1501710,44.00,46.80,43.25
2018-06-25,46.25,3.00 (6.94 %),973550,46.25,46.25,46.00
2018-06-26,46.00,-0.25 (-0.54 %),519890,47.00,47.00,44.45
2018-06-27,42.95,-3.05 (-6.63 %),442770,45.00,45.80,42.95
2018-06-28,43.10,0.15 (0.35 %),641320,40.35,43.90,40.10
2018-06-29,43.00,-0.10 (-0.23 %),602730,43.00,43.30,40.20
2018-07-02,40.30,-2.70 (-6.28 %),338460,41.10,42.00,40.05
2018-07-03,40.10,-0.20 (-0.50 %),852020,40.10,40.90,37.60
2018-07-04,40.20,0.10 (0.25 %),510230,40.00,40.50,37.90
2018-07-05,40.60,0.40 (1.00 %),649630,40.20,40.60,38.00
2018-07-06,41.00,0.40 (0.99 %),477620,40.00,41.00,38.60
2018-07-09,41.40,0.40 (0.98 %),519920,39.80,41.50,39.80
2018-07-10,41.65,0.25 (0.60 %),618480,41.40,41.75,40.95
2018-07-11,40.50,-1.15 (-2.76 %),404850,40.70,41.60,40.20
2018-07-12,41.30,0.80 (1.98 %),625850,41.30,41.35,39.75
2018-07-13,44.15,2.85 (6.90 %),965400,41.50,44.15,41.50
2018-07-16,44.70,0.55 (1.25 %),875450,45.50,45.50,43.50
2018-07-17,44.90,0.20 (0.45 %),608060,43.80,44.95,43.50
2018-07-18,44.00,-0.90 (-2.00 %),498370,44.95,44.95,43.80
2018-07-19,44.00,0.00 (0.00 %),997440,44.00,44.50,43.50
2018-07-20,41.10,-2.90 (-6.59 %),716660,41.10,44.30,41.10
2018-07-23,43.10,2.00 (4.87 %),1020810,43.10,43.20,41.25
2018-07-24,44.55,1.45 (3.36 %),741780,43.10,44.65,42.40
2018-07-25,43.00,-1.55 (-3.48 %),343430,44.50,44.50,42.00
2018-07-26,42.55,-0.45 (-1.05 %),451650,42.70,43.50,41.80
2018-07-27,42.50,-0.05 (-0.12 %),326670,42.55,43.20,41.70
2018-07-30,42.50,0.00 (0.00 %),414080,42.80,42.80,41.70
2018-07-31,42.60,0.10 (0.24 %),317030,41.90,42.70,41.70
2018-08-01,42.55,-0.05 (-0.12 %),428280,42.00,42.80,41.70
2018-08-02,42.00,-0.55 (-1.29 %),243160,41.95,42.60,41.20
2018-08-03,41.95,-0.05 (-0.12 %),663500,42.00,42.30,40.70
2018-08-06,41.50,-0.45 (-1.07 %),734810,41.20,42.10,41.00
2018-08-07,41.45,-0.05 (-0.12 %),737660,41.00,41.65,40.70
2018-08-08,41.30,-0.15 (-0.36 %),687020,41.00,41.50,40.70
2018-08-09,41.00,-0.30 (-0.73 %),1073940,41.30,41.40,40.50
2018-08-10,41.50,0.50 (1.22 %),845080,40.00,41.75,40.00
2018-08-13,42.95,1.45 (3.49 %),821380,41.35,43.00,41.35
2018-08-14,43.95,1.00 (2.33 %),1179830,43.00,44.00,42.20
2018-08-15,42.90,-1.05 (-2.39 %),1702240,43.80,44.00,41.00
2018-08-16,42.00,-0.90 (-2.10 %),1165310,41.40,42.70,40.95
2018-08-17,41.85,-0.15 (-0.36 %),1316630,42.00,42.70,40.80
2018-08-20,41.75,-0.10 (-0.24 %),1102370,41.85,41.95,40.70
2018-08-21,41.45,-0.30 (-0.72 %),1043170,41.75,41.85,40.50
2018-08-22,42.90,1.45 (3.50 %),1177220,41.45,42.95,41.00
2018-08-23,42.70,-0.20 (-0.47 %),1895650,42.90,43.00,42.00
2018-08-24,41.90,-0.80 (-1.87 %),2077370,42.00,42.50,40.95
2018-08-27,41.50,-0.40 (-0.95 %),2055630,41.40,41.90,40.95
2018-08-28,43.00,1.50 (3.61 %),1371390,41.50,43.00,40.95
2018-08-29,41.55,-1.45 (-3.37 %),1192990,41.50,42.50,40.90
2018-08-30,41.20,-0.35 (-0.84 %),1293450,41.20,41.40,40.80
2018-08-31,41.20,0.00 (0.00 %),2811100,41.20,42.30,40.80
2018-09-04,40.00,-1.20 (-2.91 %),2224790,41.20,41.50,40.00
2018-09-05,40.65,0.65 (1.63 %),1321830,40.00,41.30,40.00
2018-09-06,40.00,-0.65 (-1.60 %),1075670,40.65,40.75,40.00
2018-09-07,40.25,0.25 (0.63 %),1318890,40.00,40.50,40.00
2018-09-10,40.00,-0.25 (-0.62 %),1133200,40.00,40.30,40.00
2018-09-11,40.25,0.25 (0.63 %),1132870,40.20,40.40,40.00
2018-09-12,40.25,0.00 (0.00 %),1256010,40.40,40.50,40.00
2018-09-13,40.20,-0.05 (-0.12 %),1863030,40.30,40.40,40.00
2018-09-14,40.00,-0.20 (-0.50 %),1810900,40.30,40.35,39.95
2018-09-17,40.00,0.00 (0.00 %),1062030,40.00,40.30,39.95
2018-09-18,40.05,0.05 (0.12 %),1056150,40.00,40.20,39.90
2018-09-19,40.05,0.00 (0.00 %),1806430,40.05,40.15,39.90
2018-09-20,40.00,-0.05 (-0.12 %),834750,40.10,40.10,39.85
2018-09-21,40.00,0.00 (0.00 %),1625280,40.00,40.15,39.80
2018-09-24,40.50,0.50 (1.25 %),2006060,40.00,41.00,39.95
2018-09-25,40.70,0.20 (0.49 %),1287810,40.70,40.95,40.50
2018-09-26,40.50,-0.20 (-0.49 %),756990,40.90,41.00,40.40
2018-09-27,40.45,-0.05 (-0.12 %),1296050,40.70,40.85,40.00
2018-09-28,40.30,-0.15 (-0.37 %),1117460,40.60,40.70,39.90
2018-10-01,40.30,0.00 (0.00 %),1172800,40.35,40.40,39.85
2018-10-02,40.15,-0.15 (-0.37 %),1467240,40.30,40.35,39.85
2018-10-03,40.10,-0.05 (-0.12 %),1731000,40.15,40.25,39.85
2018-10-04,40.00,-0.10 (-0.25 %),1376410,40.10,40.15,39.80
2018-10-05,40.00,0.00 (0.00 %),623080,39.85,40.15,39.65
2018-10-08,40.00,0.00 (0.00 %),905640,40.00,40.00,39.00
2018-10-09,40.00,0.00 (0.00 %),958460,39.90,40.00,38.80
2018-10-10,40.30,0.30 (0.75 %),1126400,39.70,40.50,39.70
2018-10-11,40.00,-0.30 (-0.74 %),1936980,40.00,40.00,37.75
2018-10-12,39.95,-0.05 (-0.12 %),1357430,40.00,40.00,37.80
2018-10-15,40.00,0.05 (0.13 %),1331630,39.95,40.00,37.80
2018-10-16,40.00,0.00 (0.00 %),1962930,39.10,40.00,37.90
2018-10-17,38.50,-1.50 (-3.75 %),1951170,38.50,39.90,37.80
2018-10-18,38.70,0.20 (0.52 %),768170,38.50,39.40,37.95
2018-10-19,38.60,-0.10 (-0.26 %),883310,38.00,38.90,37.80
2018-10-22,38.55,-0.05 (-0.13 %),1400960,38.45,38.55,37.85
2018-10-23,37.95,-0.60 (-1.56 %),885330,37.90,38.30,36.50
2018-10-24,37.50,-0.45 (-1.19 %),979780,37.95,37.95,36.40
2018-10-25,37.50,0.00 (0.00 %),1566670,35.15,37.50,35.15
2018-10-26,37.45,-0.05 (-0.13 %),1186010,37.00,37.80,35.40
2018-10-29,37.20,-0.25 (-0.67 %),1086260,37.00,37.40,35.45
2018-10-30,37.20,0.00 (0.00 %),1215870,35.80,37.20,35.00
2018-10-31,38.15,0.95 (2.55 %),1387220,37.20,38.40,35.40
2018-11-01,37.90,-0.25 (-0.66 %),2007080,38.10,38.10,36.00
2018-11-02,38.85,0.95 (2.51 %),1960660,36.90,38.95,35.60
2018-11-05,38.95,0.10 (0.26 %),1618550,36.85,39.00,36.45
2018-11-06,38.55,-0.40 (-1.03 %),2486160,38.40,38.85,36.95
2018-11-07,38.00,-0.55 (-1.43 %),1288610,37.00,38.20,36.70
2018-11-08,37.70,-0.30 (-0.79 %),1387000,38.00,38.00,36.70
2018-11-09,37.10,-0.60 (-1.59 %),1769580,37.00,37.45,36.00
2018-11-12,37.05,-0.05 (-0.13 %),1344730,36.15,37.20,35.35
2018-11-13,36.90,-0.15 (-0.40 %),2831470,36.00,36.90,35.35
2018-11-14,36.85,-0.05 (-0.14 %),1544520,36.90,36.90,35.90
2018-11-15,36.80,-0.05 (-0.14 %),3239910,36.00,36.85,35.00
2018-11-16,36.60,-0.20 (-0.54 %),1134160,36.00,36.70,35.40
2018-11-19,36.60,0.00 (0.00 %),1990230,36.50,36.60,35.00
2018-11-20,36.55,-0.05 (-0.14 %),2942280,35.60,36.60,35.00
2018-11-21,36.50,-0.05 (-0.14 %),1511990,35.30,36.50,35.05
2018-11-22,36.45,-0.05 (-0.14 %),3010830,36.50,36.50,35.15
2018-11-23,36.25,-0.20 (-0.55 %),1796990,36.10,36.30,35.20
2018-11-26,36.20,-0.05 (-0.14 %),1869400,35.50,36.20,35.15
2018-11-27,36.15,-0.05 (-0.14 %),2979650,36.15,36.15,35.25
2018-11-28,36.15,0.00 (0.00 %),2183670,36.15,36.15,35.30
2018-11-29,36.10,-0.05 (-0.14 %),1624300,35.50,36.10,35.35
2018-11-30,36.00,-0.10 (-0.28 %),2276930,35.40,36.00,35.30
2018-12-03,36.00,0.00 (0.00 %),3440580,35.35,36.00,35.30
2018-12-04,36.10,0.10 (0.28 %),2330570,35.45,36.10,35.30
2018-12-05,36.10,0.00 (0.00 %),2781480,36.10,36.10,35.30
2018-12-06,36.05,-0.05 (-0.14 %),3551350,36.00,36.05,35.25
2018-12-07,37.80,1.75 (4.85 %),3257710,36.05,37.80,35.30
2018-12-10,37.50,-0.30 (-0.79 %),2440120,37.00,37.50,36.20
2018-12-11,37.00,-0.50 (-1.33 %),3224460,36.50,37.30,36.30
2018-12-12,36.85,-0.15 (-0.41 %),2884340,36.80,36.90,36.20
2018-12-13,36.70,-0.15 (-0.41 %),2365480,36.25,36.70,36.05
2018-12-14,36.40,-0.30 (-0.82 %),3354450,36.00,36.40,35.80
2018-12-17,35.95,-0.45 (-1.24 %),2637260,35.80,36.00,35.25
2018-12-18,35.50,-0.45 (-1.25 %),1882170,35.25,35.60,35.00
2018-12-19,36.50,1.00 (2.82 %),3131230,35.50,36.50,34.95
2018-12-20,36.80,0.30 (0.82 %),3919040,35.55,36.80,35.00
2018-12-21,39.00,2.20 (5.98 %),3902860,35.50,39.00,35.00
2018-12-24,41.70,2.70 (6.92 %),3743950,37.60,41.70,36.95
2018-12-25,42.00,0.30 (0.72 %),3669640,40.10,43.50,40.00
2018-12-26,39.30,-2.70 (-6.43 %),3370710,42.00,42.10,39.10
2018-12-27,36.75,-2.55 (-6.49 %),2672480,38.00,38.95,36.75
2018-12-28,38.70,1.95 (5.31 %),3542430,35.40,39.00,34.85
2019-01-02,36.90,-1.80 (-4.65 %),4366820,36.90,37.50,36.30
2019-01-03,36.50,-0.40 (-1.08 %),3133950,36.00,36.50,34.95
2019-01-04,36.00,-0.50 (-1.37 %),2447210,35.10,36.20,34.85
2019-01-07,36.00,0.00 (0.00 %),3103080,35.70,36.15,34.95
2019-01-08,35.90,-0.10 (-0.28 %),3418720,35.05,35.90,34.95
2019-01-09,36.00,0.10 (0.28 %),3516430,35.70,36.00,34.95
2019-01-10,35.90,-0.10 (-0.28 %),4713740,36.00,36.00,34.95
2019-01-11,35.80,-0.10 (-0.28 %),4371680,35.10,35.80,34.95
2019-01-14,35.70,-0.10 (-0.28 %),3626760,35.20,35.70,34.95
2019-01-15,35.45,-0.25 (-0.70 %),4292930,35.05,35.45,34.95
2019-01-16,35.60,0.15 (0.42 %),3740240,35.60,35.60,34.90
2019-01-17,35.55,-0.05 (-0.14 %),4104030,35.00,35.60,34.90
2019-01-18,35.40,-0.15 (-0.42 %),3795370,35.55,35.55,34.90
2019-01-21,35.35,-0.05 (-0.14 %),2544500,35.00,35.40,34.90
2019-01-22,35.25,-0.10 (-0.28 %),2484920,35.30,35.30,34.85
2019-01-23,35.15,-0.10 (-0.28 %),2368720,35.25,35.25,34.80
2019-01-24,35.00,-0.15 (-0.43 %),2317540,35.15,35.15,34.65
2019-01-25,34.60,-0.40 (-1.14 %),2170000,34.65,34.95,34.50
2019-01-28,33.90,-0.70 (-2.02 %),1486780,33.95,34.20,33.85
2019-01-29,32.40,-1.50 (-4.42 %),2430340,32.90,32.90,31.90
2019-01-30,31.20,-1.20 (-3.70 %),2342820,31.80,32.00,30.95
2019-01-31,31.45,0.25 (0.80 %),1276860,30.50,32.00,30.50
2019-02-01,31.65,0.20 (0.64 %),1743970,31.45,31.80,30.90
2019-02-11,33.65,2.00 (6.32 %),2189610,31.60,33.65,30.95
2019-02-12,33.70,0.05 (0.15 %),2697960,32.95,33.70,32.70
2019-02-13,33.70,0.00 (0.00 %),3741250,33.20,33.75,32.70
2019-02-14,33.70,0.00 (0.00 %),2832710,33.65,33.70,33.00
2019-02-15,33.65,-0.05 (-0.15 %),3038070,33.50,33.65,32.80
2019-02-18,33.50,-0.15 (-0.45 %),4126440,33.05,33.50,32.70
2019-02-19,34.80,1.30 (3.88 %),3768570,33.50,34.80,32.60
2019-02-20,34.80,0.00 (0.00 %),3555390,33.90,34.80,33.55
2019-02-21,34.95,0.15 (0.43 %),4586680,34.50,34.95,33.55
2019-02-22,34.95,0.00 (0.00 %),4091820,34.80,35.10,33.70
2019-02-25,35.50,0.55 (1.57 %),4397620,34.50,35.50,33.90
2019-02-26,35.70,0.20 (0.56 %),4873250,34.90,35.70,34.20
2019-02-27,35.70,0.00 (0.00 %),5007320,35.00,35.75,34.30
2019-02-28,34.65,-1.05 (-2.94 %),4859010,35.50,35.50,34.30
2019-03-01,34.15,-0.50 (-1.44 %),5444630,33.70,34.50,33.20
2019-03-04,34.05,-0.10 (-0.29 %),6779750,34.10,34.20,32.95
2019-03-05,33.75,-0.30 (-0.88 %),5123180,33.10,34.00,32.90
2019-03-06,33.75,0.00 (0.00 %),5160520,33.65,33.75,32.60
2019-03-07,33.50,-0.25 (-0.74 %),7011720,33.00,33.60,32.60
2019-03-08,33.00,-0.50 (-1.49 %),3196850,33.00,33.40,32.55
2019-03-11,32.65,-0.35 (-1.06 %),4267190,32.80,32.80,32.00
2019-03-12,33.40,0.75 (2.30 %),7355020,32.50,33.50,31.65
2019-03-13,33.50,0.10 (0.30 %),5011360,33.00,33.50,32.35
2019-03-14,33.50,0.00 (0.00 %),5514830,33.45,33.50,32.50
2019-03-15,33.00,-0.50 (-1.49 %),7658530,32.65,33.30,32.35
2019-03-18,33.10,0.10 (0.30 %),5790360,32.50,33.15,32.00
2019-03-19,32.95,-0.15 (-0.45 %),7240630,32.20,32.95,32.00
2019-03-20,32.55,-0.40 (-1.21 %),6825400,32.85,32.85,32.00
2019-03-21,32.85,0.30 (0.92 %),6299720,31.90,32.85,31.70
2019-03-22,32.40,-0.45 (-1.37 %),6420130,32.00,32.70,31.75
2019-03-25,32.40,0.00 (0.00 %),5004460,31.70,32.40,31.55
2019-03-26,32.55,0.15 (0.46 %),7835430,32.40,32.55,31.65
2019-03-27,32.55,0.00 (0.00 %),7494070,32.00,32.60,31.65
2019-03-28,32.60,0.05 (0.15 %),5984230,32.55,32.60,31.70
2019-03-29,32.00,-0.60 (-1.84 %),5827600,32.30,32.30,31.75
2019-04-01,32.15,0.15 (0.47 %),12781430,31.80,32.15,31.10
2019-04-02,31.95,-0.20 (-0.62 %),7229650,31.45,31.95,31.25
2019-04-03,31.70,-0.25 (-0.78 %),4377110,31.30,31.70,31.20
2019-04-04,31.50,-0.20 (-0.63 %),7609670,31.50,31.70,31.20
2019-04-05,31.65,0.15 (0.48 %),6220820,31.45,31.80,31.00
2019-04-08,31.45,-0.20 (-0.63 %),7536110,31.25,31.65,30.95
2019-04-09,31.30,-0.15 (-0.48 %),7526180,31.05,31.30,30.75
2019-04-10,32.10,0.80 (2.56 %),7178020,30.80,32.10,30.50
2019-04-11,31.45,-0.65 (-2.02 %),7857100,31.40,31.50,31.00
2019-04-12,31.50,0.05 (0.16 %),8660620,31.35,31.50,30.50
2019-04-16,31.50,0.00 (0.00 %),7171560,30.80,31.50,30.45
2019-04-17,31.45,-0.05 (-0.16 %),8767100,30.60,31.45,30.45
2019-04-18,31.30,-0.15 (-0.48 %),10092880,30.55,31.30,30.40
2019-04-19,31.50,0.20 (0.64 %),9289540,31.30,31.50,30.30
2019-04-22,31.00,-0.50 (-1.59 %),9087330,30.60,31.00,30.45
2019-04-23,31.20,0.20 (0.65 %),9722670,31.00,31.20,30.20
2019-04-24,31.00,-0.20 (-0.64 %),9364080,30.40,31.00,30.25
2019-04-25,30.95,-0.05 (-0.16 %),7711960,30.80,31.00,30.25
2019-04-26,30.85,-0.10 (-0.32 %),10252850,30.30,30.90,30.20
2019-05-02,30.65,-0.20 (-0.65 %),10066220,30.25,30.70,30.05
2019-05-03,30.60,-0.05 (-0.16 %),8660830,30.10,30.60,29.95
2019-05-06,30.50,-0.10 (-0.33 %),9600550,30.20,30.50,29.95
2019-05-07,30.35,-0.15 (-0.49 %),10350440,30.50,30.50,29.75
2019-05-08,30.40,0.05 (0.16 %),8977200,30.35,30.40,29.55
2019-05-09,30.30,-0.10 (-0.33 %),9706350,30.40,30.40,29.50
2019-05-10,30.10,-0.20 (-0.66 %),10215080,30.00,30.10,29.40
2019-05-13,32.00,1.90 (6.31 %),9975730,30.00,32.00,29.10
2019-05-14,34.00,2.00 (6.25 %),11265790,30.90,34.00,30.10
2019-05-15,32.60,-1.40 (-4.12 %),10527590,32.20,34.00,32.00
2019-05-16,32.65,0.05 (0.15 %),9706110,31.70,32.65,30.95
2019-05-17,34.80,2.15 (6.58 %),12608770,32.00,34.80,31.05
2019-05-20,33.50,-1.30 (-3.74 %),10648580,33.05,33.80,33.00
2019-05-21,32.45,-1.05 (-3.13 %),9753530,32.55,33.10,32.10
2019-05-22,31.60,-0.85 (-2.62 %),9550180,31.60,31.90,31.40
2019-05-23,30.00,-1.60 (-5.06 %),6622850,30.70,30.95,30.00
2019-05-24,30.00,0.00 (0.00 %),7397570,29.40,30.00,29.30
2019-05-27,30.40,0.40 (1.33 %),11272340,29.95,30.40,29.35
2019-05-28,30.40,0.00 (0.00 %),5405850,30.00,30.60,29.60
2019-05-29,30.00,-0.40 (-1.32 %),10011610,30.30,30.40,29.70
2019-05-30,29.95,-0.05 (-0.17 %),4738640,30.00,30.10,29.55
2019-05-31,29.95,0.00 (0.00 %),7569580,29.50,29.95,29.50
2019-06-03,29.80,-0.15 (-0.50 %),10762000,29.60,29.95,29.40
2019-06-04,30.00,0.20 (0.67 %),8534850,29.50,30.00,29.30
2019-06-05,30.10,0.10 (0.33 %),6480820,29.80,30.10,29.50
2019-06-06,30.05,-0.05 (-0.17 %),12644120,30.00,30.05,29.50
2019-06-07,30.00,-0.05 (-0.17 %),10815600,29.65,30.00,29.50
2019-06-10,31.00,1.00 (3.33 %),8810460,30.00,31.00,29.50
2019-06-11,30.65,-0.35 (-1.13 %),8561560,30.30,30.70,30.15
2019-06-12,30.10,-0.55 (-1.79 %),12005090,30.65,30.65,29.80
2019-06-13,30.10,0.00 (0.00 %),10737350,29.55,30.10,29.50
2019-06-14,30.70,0.60 (1.99 %),10689760,30.10,30.70,29.55
2019-06-17,30.15,-0.55 (-1.79 %),10486500,30.50,30.50,29.75
2019-06-18,30.40,0.25 (0.83 %),12514880,29.60,30.40,29.50
2019-06-19,30.25,-0.15 (-0.49 %),12560070,30.25,30.25,29.65
2019-06-20,30.30,0.05 (0.17 %),12179480,30.10,30.30,29.60
2019-06-21,30.00,-0.30 (-0.99 %),12855180,30.00,30.30,29.65
2019-06-24,30.00,0.00 (0.00 %),11558790,29.95,30.00,29.55
2019-06-25,30.00,0.00 (0.00 %),10030980,29.60,30.05,29.55
2019-06-26,29.95,-0.05 (-0.17 %),13856690,29.95,29.95,29.60
2019-06-27,29.90,-0.05 (-0.17 %),10637670,29.90,29.95,29.65
2019-06-28,29.80,-0.10 (-0.33 %),8163000,29.80,29.90,29.60
2019-07-01,29.75,-0.05 (-0.17 %),12236070,29.75,29.80,29.50
2019-07-02,29.40,-0.35 (-1.18 %),7827100,29.40,29.75,29.40
2019-07-03,29.40,0.00 (0.00 %),9174630,29.30,29.40,29.00
2019-07-04,29.80,0.40 (1.36 %),13587820,29.30,29.80,29.00
2019-07-05,29.35,-0.45 (-1.51 %),11111900,29.45,29.70,29.30
2019-07-08,29.40,0.05 (0.17 %),8653600,29.40,29.50,29.05
2019-07-09,29.25,-0.15 (-0.51 %),11391980,29.10,29.40,29.00
2019-07-10,29.20,-0.05 (-0.17 %),11892130,28.95,29.25,28.85
2019-07-11,29.20,0.00 (0.00 %),7787920,29.20,29.20,28.85
2019-07-12,28.50,-0.70 (-2.40 %),13888930,29.20,29.20,28.35
2019-07-15,28.00,-0.50 (-1.75 %),9620930,29.20,28.50,27.55
2019-07-16,28.60,0.60 (2.14 %),9409450,27.80,28.60,27.00
2019-07-17,27.40,-1.20 (-4.20 %),10792090,27.70,27.95,27.35
2019-07-18,27.50,0.10 (0.36 %),4230910,27.05,27.70,27.00
2019-07-19,27.70,0.20 (0.73 %),11365300,27.40,27.70,27.00
2019-07-22,27.50,-0.20 (-0.72 %),11474070,27.70,27.70,27.00
2019-07-23,28.00,0.50 (1.82 %),9770810,27.00,28.00,26.50
2019-07-24,28.00,0.00 (0.00 %),11188810,27.20,28.00,26.90
2019-07-25,27.80,-0.20 (-0.71 %),12544330,28.00,28.00,27.00
2019-07-26,27.45,-0.35 (-1.26 %),10986800,27.05,27.50,26.90
2019-07-29,27.40,-0.05 (-0.18 %),4596600,27.30,27.50,26.95
2019-07-30,27.30,-0.10 (-0.36 %),11048300,27.40,27.40,26.95
2019-07-31,27.15,-0.15 (-0.55 %),9500720,27.30,27.30,26.95
2019-08-01,27.20,0.05 (0.18 %),10733470,26.95,27.20,26.35
2019-08-02,27.50,0.30 (1.10 %),14557510,26.55,27.50,26.25
2019-08-05,28.10,0.60 (2.18 %),12800610,27.00,28.10,26.35
2019-08-06,28.50,0.40 (1.42 %),12306510,27.00,28.50,26.50
2019-08-07,27.50,-1.00 (-3.51 %),12387170,27.00,27.50,26.90
2019-08-08,27.20,-0.30 (-1.09 %),15332010,26.70,27.20,26.50
2019-08-09,27.10,-0.10 (-0.37 %),13755620,26.90,27.10,26.35
2019-08-12,27.40,0.30 (1.11 %),12619850,26.60,27.40,26.30
2019-08-13,27.00,-0.40 (-1.46 %),16509640,27.00,27.05,26.30
2019-08-14,26.70,-0.30 (-1.11 %),13200370,26.45,26.80,26.15
2019-08-15,26.40,-0.30 (-1.12 %),10489930,26.70,26.70,25.95
2019-08-16,26.20,-0.20 (-0.76 %),14910620,25.80,26.30,25.70
2019-08-19,25.70,-0.50 (-1.91 %),12600670,25.80,26.10,25.50
2019-08-20,25.60,-0.10 (-0.39 %),11214410,25.50,25.70,25.00
2019-08-21,25.40,-0.20 (-0.78 %),12560680,25.60,25.60,25.00
2019-08-22,25.95,0.55 (2.17 %),13844380,25.00,25.95,24.85
2019-08-23,26.60,0.65 (2.50 %),13186800,25.60,26.60,25.00
2019-08-26,26.80,0.20 (0.75 %),12575000,25.60,26.80,25.20
2019-08-27,27.00,0.20 (0.75 %),8748880,26.40,27.00,25.50
2019-08-28,27.50,0.50 (1.85 %),14969190,26.80,27.50,25.80
2019-08-29,28.00,0.50 (1.82 %),13984780,26.30,28.00,26.30
2019-08-30,28.00,0.00 (0.00 %),12967190,27.20,28.65,26.80
2019-09-03,27.10,-0.90 (-3.21 %),12245040,27.00,27.40,26.80
2019-09-04,26.30,-0.80 (-2.95 %),11325240,26.45,26.45,26.05
2019-09-05,27.10,0.80 (3.04 %),12610150,25.70,27.10,25.50
2019-09-06,27.10,0.00 (0.00 %),14947170,26.95,27.10,26.00
2019-09-09,27.55,0.45 (1.66 %),13669680,26.95,27.55,26.00
2019-09-10,28.00,0.45 (1.63 %),11063720,27.00,28.00,26.45
2019-09-11,27.30,-0.70 (-2.50 %),12742430,27.80,27.80,26.95
2019-09-12,26.70,-0.60 (-2.20 %),14485720,26.95,26.95,26.35
2019-09-13,26.55,-0.15 (-0.56 %),14569370,26.00,26.55,25.95
2019-09-16,27.00,0.45 (1.69 %),14910080,26.00,27.00,25.95
2019-09-17,26.70,-0.30 (-1.11 %),15406000,26.00,27.00,26.20
2019-09-18,26.90,0.20 (0.75 %),18083240,26.00,26.90,26.05
2019-09-19,26.80,-0.10 (-0.37 %),19132530,26.75,26.80,26.25
2019-09-20,26.80,0.00 (0.00 %),18804460,26.70,26.80,26.15
2019-09-23,27.00,0.20 (0.75 %),18129770,26.80,27.00,26.15
2019-09-24,27.00,0.00 (0.00 %),17452820,26.70,27.00,26.30
2019-09-25,26.70,-0.30 (-1.11 %),19452580,26.35,26.70,26.30
2019-09-26,26.60,-0.10 (-0.37 %),18718190,26.30,26.60,26.15
2019-09-27,26.40,-0.20 (-0.75 %),18228160,26.60,26.60,26.05
2019-09-30,26.40,0.00 (0.00 %),18601400,25.95,26.40,25.85
2019-10-01,26.20,-0.20 (-0.76 %),19320880,26.40,26.40,25.85
2019-10-02,26.20,0.00 (0.00 %),19584670,26.15,26.20,25.70
2019-10-03,25.95,-0.25 (-0.95 %),18914010,26.00,26.00,25.65
2019-10-04,26.00,0.05 (0.19 %),21239500,25.50,26.00,25.40
2019-10-07,26.00,0.00 (0.00 %),20052580,25.65,26.00,25.45
2019-10-08,25.85,-0.15 (-0.58 %),19365550,25.65,25.85,25.45
2019-10-09,25.65,-0.20 (-0.77 %),20150370,25.85,25.85,25.30
2019-10-10,25.65,0.00 (0.00 %),21337190,25.50,25.65,25.10
2019-10-11,25.75,0.10 (0.39 %),22403060,25.15,25.75,25.10
2019-10-14,25.75,0.00 (0.00 %),21895950,25.70,25.75,25.20
2019-10-15,25.65,-0.10 (-0.39 %),21791640,25.75,25.75,25.20
2019-10-16,25.55,-0.10 (-0.39 %),22834470,25.55,25.60,25.10
2019-10-17,25.50,-0.05 (-0.20 %),23220740,25.10,25.50,25.00
2019-10-18,25.45,-0.05 (-0.20 %),24184740,25.00,25.45,24.95
2019-10-21,25.60,0.15 (0.59 %),24963990,25.45,25.60,24.90
2019-10-22,25.70,0.10 (0.39 %),25356640,25.50,25.70,25.05
2019-10-23,25.50,-0.20 (-0.78 %),23061720,25.15,25.50,25.15
2019-10-24,25.30,-0.20 (-0.78 %),24172010,25.10,25.35,24.95
2019-10-25,25.60,0.30 (1.19 %),26118580,25.30,25.60,24.75
2019-10-28,25.65,0.05 (0.20 %),23657080,25.10,25.65,25.05
2019-10-29,25.60,-0.05 (-0.19 %),25325780,25.15,25.60,25.10
2019-10-30,25.30,-0.30 (-1.17 %),23225670,25.50,25.50,25.05
2019-10-31,25.10,-0.20 (-0.79 %),24619830,25.00,25.30,24.75
2019-11-01,25.20,0.10 (0.40 %),27952000,24.75,25.20,24.55
2019-11-04,25.10,-0.10 (-0.40 %),25660220,25.00,25.10,24.65
2019-11-05,25.00,-0.10 (-0.40 %),27893660,24.65,25.00,24.55
2019-11-06,25.00,0.00 (0.00 %),29271400,24.95,25.00,24.45
2019-11-07,25.00,0.00 (0.00 %),27671070,25.00,25.00,24.45
2019-11-08,25.00,0.00 (0.00 %),29020270,25.00,25.00,24.45
2019-11-11,25.40,0.40 (1.60 %),28528650,25.00,25.40,24.45
2019-11-12,25.15,-0.25 (-0.98 %),27485890,25.00,25.40,24.85
2019-11-13,24.95,-0.20 (-0.80 %),25546600,24.70,25.10,24.60
2019-11-14,25.00,0.05 (0.20 %),31158650,24.95,25.00,24.40
2019-11-15,24.90,-0.10 (-0.40 %),26666540,25.00,25.00,24.45
2019-11-18,25.20,0.30 (1.20 %),29102880,24.90,25.20,24.35
2019-11-19,25.00,-0.20 (-0.79 %),28542200,24.70,25.00,24.65
2019-11-20,25.40,0.40 (1.60 %),32163580,24.90,25.45,24.45
2019-11-21,25.00,-0.40 (-1.57 %),24530550,24.95,25.15,24.85
2019-11-22,24.95,-0.05 (-0.20 %),33248940,24.85,24.95,24.45
2019-11-25,24.90,-0.05 (-0.20 %),33165240,24.70,24.90,24.40
2019-11-26,25.10,0.20 (0.80 %),30715810,24.85,25.10,24.35
2019-11-27,25.00,-0.10 (-0.40 %),32125730,25.00,25.00,24.55
2019-11-28,24.85,-0.15 (-0.60 %),34999660,24.55,24.95,24.45
2019-11-29,24.30,-0.55 (-2.21 %),28446670,24.85,24.85,24.30
2019-12-02,24.50,0.20 (0.82 %),34840650,24.00,24.50,23.75
2019-12-03,24.50,0.00 (0.00 %),32299030,23.95,24.50,23.95
2019-12-04,24.20,-0.30 (-1.22 %),33543890,24.00,24.45,23.95
2019-12-05,24.50,0.30 (1.24 %),31459780,24.20,24.50,23.65
2019-12-06,25.00,0.50 (2.04 %),31134260,24.00,25.00,23.95
2019-12-09,24.50,-0.50 (-2.00 %),27540460,24.55,24.80,24.45
2019-12-10,24.00,-0.50 (-2.04 %),32988780,24.40,24.40,23.95
2019-12-11,24.10,0.10 (0.42 %),35471750,24.30,24.30,23.45
2019-12-12,24.20,0.10 (0.41 %),29432550,24.10,24.20,23.55
2019-12-13,24.10,-0.10 (-0.41 %),30761060,24.00,24.20,23.65
2019-12-16,24.00,-0.10 (-0.41 %),37372090,23.95,24.00,23.55
2019-12-17,24.00,0.00 (0.00 %),36761520,23.55,24.00,23.45
2019-12-18,24.00,0.00 (0.00 %),33680480,23.90,24.00,23.45
2019-12-19,23.70,-0.30 (-1.25 %),33662550,23.50,24.00,23.45
2019-12-20,23.60,-0.10 (-0.42 %),39404400,23.70,23.70,23.15
2019-12-23,23.55,-0.05 (-0.21 %),36843740,23.50,23.60,23.05
2019-12-24,23.60,0.05 (0.21 %),34141100,23.50,23.60,23.00
2019-12-25,23.05,-0.55 (-2.33 %),31931850,23.10,23.45,23.05
2019-12-26,21.45,-1.60 (-6.94 %),16362200,23.00,23.00,21.45
2019-12-27,19.95,-1.50 (-6.99 %),883180,19.95,19.95,19.95
2019-12-30,18.60,-1.35 (-6.77 %),72630,18.60,18.60,18.60
2019-12-31,17.30,-1.30 (-6.99 %),20459730,17.30,17.50,17.30
2020-01-02,16.10,-1.20 (-6.94 %),20432930,16.10,16.40,16.10
2020-01-03,15.15,-0.95 (-5.90 %),10488870,15.00,16.80,15.00
2020-01-06,14.10,-1.05 (-6.93 %),7523780,15.15,15.65,14.10
2020-01-07,15.05,0.95 (6.74 %),13813540,14.10,15.05,13.15
2020-01-08,14.00,-1.05 (-6.98 %),5601910,15.10,15.50,14.00
2020-01-09,13.05,-0.95 (-6.79 %),7462760,13.65,14.15,13.05
2020-01-10,12.15,-0.90 (-6.90 %),4887410,12.25,13.30,12.15
2020-01-13,11.30,-0.85 (-7.00 %),3274070,11.45,12.10,11.30
2020-01-14,12.05,0.75 (6.64 %),13824720,10.55,12.05,10.55
2020-01-15,11.25,-0.80 (-6.64 %),3807180,11.90,12.45,11.25
2020-01-16,10.50,-0.75 (-6.67 %),5788870,11.05,11.05,10.50
2020-01-17,10.00,-0.50 (-4.76 %),3456810,10.00,10.35,9.81
2020-01-20,10.15,0.15 (1.50 %),2393450,10.10,10.25,9.67
2020-01-21,10.15,0.00 (0.00 %),2349070,10.00,10.40,9.91
2020-01-22,10.30,0.15 (1.48 %),3459630,10.00,10.40,9.99
2020-01-30,10.00,-0.30 (-2.91 %),3447450,10.10,10.15,9.81
2020-01-31,9.33,-0.67 (-6.70 %),3020400,10.00,10.00,9.31
2020-02-03,8.68,-0.65 (-6.97 %),3199460,8.68,9.00,8.68
2020-02-04,8.08,-0.60 (-6.91 %),3924630,8.35,8.60,8.08
2020-02-05,7.52,-0.56 (-6.93 %),3242350,7.60,7.80,7.52
2020-02-06,7.05,-0.47 (-6.25 %),3455240,7.11,7.29,7.00
2020-02-07,7.54,0.49 (6.95 %),3110830,7.20,7.54,7.15
2020-02-10,8.06,0.52 (6.90 %),4784820,8.06,8.06,7.62
2020-02-11,8.62,0.56 (6.95 %),5229930,8.10,8.62,8.07
2020-02-12,9.22,0.60 (6.96 %),6713110,9.13,9.22,9.13
2020-02-13,9.86,0.64 (6.94 %),7000330,9.85,9.86,9.80
2020-02-14,9.20,-0.66 (-6.69 %),10268700,10.50,10.55,9.20
2020-02-17,8.56,-0.64 (-6.96 %),4825230,8.90,9.35,8.56
2020-02-18,7.97,-0.59 (-6.89 %),6698120,8.00,8.30,7.97
2020-02-19,8.52,0.55 (6.90 %),6112510,7.60,8.52,7.50
2020-02-20,9.10,0.58 (6.81 %),4784080,8.80,9.11,8.65
2020-02-21,8.50,-0.60 (-6.59 %),5324130,8.81,9.00,8.47
2020-02-24,7.91,-0.59 (-6.94 %),3811550,8.00,8.10,7.91
2020-02-25,7.80,-0.11 (-1.39 %),6417070,7.36,7.87,7.36
2020-02-26,7.50,-0.30 (-3.85 %),2641810,7.55,7.71,7.48
2020-02-27,7.78,0.28 (3.73 %),1870120,7.50,7.90,7.50
2020-02-28,7.26,-0.52 (-6.68 %),4047020,7.60,7.60,7.26
2020-03-02,7.34,0.08 (1.10 %),3318150,7.26,7.45,7.20
2020-03-03,7.44,0.10 (1.36 %),2603760,7.34,7.63,7.34
2020-03-04,7.96,0.52 (6.99 %),4882200,7.45,7.96,7.31
2020-03-05,7.45,-0.51 (-6.41 %),7891280,8.45,8.46,7.45
2020-03-06,7.35,-0.10 (-1.34 %),6147070,7.36,7.59,6.99
2020-03-09,6.84,-0.51 (-6.94 %),5439420,6.84,7.00,6.84
2020-03-10,6.48,-0.36 (-5.26 %),9191070,6.37,6.84,6.37
2020-03-11,6.05,-0.43 (-6.64 %),5325750,6.54,6.78,6.03
2020-03-12,5.63,-0.42 (-6.94 %),5232530,5.64,5.80,5.63
2020-03-13,5.30,-0.33 (-5.86 %),5701230,5.24,5.63,5.24
2020-03-16,4.95,-0.35 (-6.60 %),4825810,5.01,5.29,4.95
2020-03-17,4.93,-0.02 (-0.40 %),3898060,4.93,4.93,4.63
2020-03-18,5.27,0.34 (6.90 %),13103870,5.17,5.27,5.04
2020-03-19,5.63,0.36 (6.83 %),13739220,5.63,5.63,5.29
2020-03-20,5.24,-0.39 (-6.93 %),11368500,5.75,5.98,5.24
2020-03-23,4.88,-0.36 (-6.87 %),1153990,4.88,4.88,4.88
2020-03-24,4.54,-0.34 (-6.97 %),2485830,4.54,4.54,4.54
2020-03-25,4.29,-0.25 (-5.51 %),14039260,4.24,4.72,4.24
2020-03-26,3.99,-0.30 (-6.99 %),11068520,4.30,4.43,3.99
2020-03-27,3.76,-0.23 (-5.76 %),23581890,4.00,4.05,3.72
2020-03-30,3.50,-0.26 (-6.91 %),4632520,3.53,3.58,3.50
2020-03-31,3.26,-0.24 (-6.86 %),7990290,3.35,3.52,3.26
2020-04-01,3.48,0.22 (6.75 %),19420900,3.04,3.48,3.04
2020-04-03,3.72,0.24 (6.90 %),18792400,3.72,3.72,3.70
2020-04-06,3.98,0.26 (6.99 %),35998300,3.97,3.98,3.72
2020-04-07,3.74,-0.24 (-6.03 %),21624740,4.00,4.00,3.72
2020-04-08,4.00,0.26 (6.95 %),12873390,3.90,4.00,3.75
2020-04-09,4.28,0.28 (7.00 %),28786410,4.28,4.28,4.25
2020-04-10,4.10,-0.18 (-4.21 %),82343110,4.56,4.57,3.99
2020-04-13,4.08,-0.02 (-0.49 %),13460370,4.10,4.24,3.89
2020-04-14,3.84,-0.24 (-5.88 %),17925840,3.95,4.01,3.84
2020-04-15,4.00,0.16 (4.17 %),16345390,3.71,4.08,3.71
2020-04-16,4.00,0.00 (0.00 %),14415090,4.00,4.18,3.92
2020-04-17,3.92,-0.08 (-2.00 %),16236340,3.91,4.04,3.90
2020-04-20,3.86,-0.06 (-1.53 %),16418560,4.00,4.00,3.84
2020-04-21,3.59,-0.27 (-6.99 %),24416370,3.76,3.80,3.59
2020-04-22,3.57,-0.02 (-0.56 %),9508130,3.40,3.69,3.36
2020-04-23,3.64,0.07 (1.96 %),7073310,3.64,3.75,3.59
2020-04-24,3.71,0.07 (1.92 %),13507730,3.64,3.74,3.52
2020-04-27,3.88,0.17 (4.58 %),14543650,3.81,3.96,3.75
2020-04-28,3.75,-0.13 (-3.35 %),6101910,3.87,3.88,3.75
2020-04-29,3.76,0.01 (0.27 %),6585660,3.76,3.81,3.71
2020-05-04,3.52,-0.24 (-6.38 %),11269780,3.55,3.64,3.51
2020-05-05,3.59,0.07 (1.99 %),4118560,3.51,3.63,3.51
2020-05-06,3.61,0.02 (0.56 %),12204990,3.65,3.67,3.50
2020-05-07,3.57,-0.04 (-1.11 %),3591990,3.62,3.63,3.56
2020-05-08,3.54,-0.03 (-0.84 %),8055810,3.57,3.61,3.54
2020-05-11,3.49,-0.05 (-1.41 %),13836680,3.49,3.63,3.40
2020-05-12,3.45,-0.04 (-1.15 %),8392330,3.49,3.51,3.42
2020-05-13,3.37,-0.08 (-2.32 %),11709930,3.42,3.43,3.37
2020-05-14,3.45,0.08 (2.37 %),5879000,3.37,3.49,3.36
2020-05-15,3.43,-0.02 (-0.58 %),4495340,3.47,3.54,3.42
2020-05-18,3.41,-0.02 (-0.58 %),4687690,3.43,3.44,3.39
2020-05-19,3.39,-0.02 (-0.59 %),5782290,3.42,3.44,3.39
2020-05-20,3.62,0.23 (6.78 %),13943400,3.39,3.62,3.38
2020-05-21,3.62,0.00 (0.00 %),46407490,3.80,3.87,3.37
