date,close,open,high,low,volume,change
2016-05-18,49.00,48.30,49.80,48.20,1259090,0.70 (1.45 %)
2016-05-19,48.10,49.00,49.00,48.10,402860,-0.90 (-1.84 %)
2016-05-20,47.40,48.60,48.80,47.20,1038420,-0.70 (-1.46 %)
2016-05-23,46.10,47.30,47.80,46.10,701070,-1.30 (-2.74 %)
2016-05-24,45.90,46.40,46.50,45.50,757630,-0.20 (-0.43 %)
2016-05-25,46.00,46.50,46.70,46.00,272480,0.10 (0.22 %)
2016-05-26,45.30,46.00,46.30,45.30,722940,-0.70 (-1.52 %)
2016-05-27,45.30,45.40,45.60,44.80,591480,0.00 (0.00 %)
2016-05-30,46.80,45.70,46.80,45.40,535160,1.50 (3.31 %)
2016-05-31,46.70,46.90,47.50,46.60,490340,-0.10 (-0.21 %)
2016-06-01,46.90,46.50,47.00,46.50,370980,0.20 (0.43 %)
2016-06-02,47.10,46.80,47.30,46.60,290780,0.20 (0.43 %)
2016-06-03,47.30,47.00,47.50,47.00,440430,0.20 (0.42 %)
2016-06-06,47.80,47.10,48.50,47.10,783790,0.50 (1.06 %)
2016-06-07,48.10,48.00,48.30,47.70,435960,0.30 (0.63 %)
2016-06-08,47.90,48.10,48.60,47.80,912800,-0.20 (-0.42 %)
2016-06-09,48.10,47.90,48.30,47.70,401410,0.20 (0.42 %)
2016-06-10,48.50,48.10,49.10,48.10,885040,0.40 (0.83 %)
2016-06-13,48.40,48.50,48.90,48.30,1201150,-0.10 (-0.21 %)
2016-06-14,48.30,48.10,48.60,47.80,789760,-0.10 (-0.21 %)
2016-06-15,47.80,48.20,48.20,47.70,603140,-0.50 (-1.04 %)
2016-06-16,47.70,47.90,48.10,47.60,627180,-0.10 (-0.21 %)
2016-06-17,47.10,47.30,47.70,47.10,946910,-0.60 (-1.26 %)
2016-06-20,46.90,47.10,47.30,46.30,622260,-0.20 (-0.42 %)
2016-06-21,47.00,46.90,47.10,46.80,527750,0.10 (0.21 %)
2016-06-22,46.80,47.00,47.10,46.50,483280,-0.20 (-0.43 %)
2016-06-23,48.00,46.90,48.00,46.80,688340,1.20 (2.56 %)
2016-06-24,46.80,47.90,48.00,44.70,827980,-1.20 (-2.50 %)
2016-06-27,46.20,46.40,46.40,45.40,341850,-0.60 (-1.28 %)
2016-06-28,46.40,45.80,46.80,45.80,403030,0.20 (0.43 %)
2016-06-29,47.30,46.60,47.40,46.60,544530,0.90 (1.94 %)
2016-06-30,47.30,47.10,47.50,47.00,478490,0.00 (0.00 %)
2016-07-01,47.50,47.30,47.80,47.00,523850,0.20 (0.42 %)
2016-07-04,49.20,47.50,49.40,47.50,1206430,1.70 (3.58 %)
2016-07-05,50.50,49.40,52.00,49.40,1658790,1.30 (2.64 %)
2016-07-06,50.00,50.00,51.50,49.90,592020,-0.50 (-0.99 %)
2016-07-07,51.00,50.50,51.00,49.80,714940,1.00 (2.00 %)
2016-07-08,51.00,51.00,52.50,50.00,834180,0.00 (0.00 %)
2016-07-11,52.00,51.50,53.50,51.00,1538540,1.00 (1.96 %)
2016-07-12,54.00,52.00,54.00,52.00,725030,2.00 (3.85 %)
2016-07-13,57.50,54.00,57.50,54.00,1442560,3.50 (6.48 %)
2016-07-14,56.00,58.00,58.50,56.00,921830,-1.50 (-2.61 %)
2016-07-15,54.00,56.00,57.00,54.00,850920,-2.00 (-3.57 %)
2016-07-18,55.50,53.50,56.00,53.00,736570,1.50 (2.78 %)
2016-07-19,56.00,56.00,57.00,55.00,559050,0.50 (0.90 %)
2016-07-20,55.00,56.50,56.50,54.00,422540,-1.00 (-1.79 %)
2016-07-21,55.50,55.00,55.50,53.00,657360,0.50 (0.91 %)
2016-07-22,52.00,55.00,55.50,52.00,886600,-3.50 (-6.31 %)
2016-07-25,53.00,52.00,53.50,51.50,318900,1.00 (1.92 %)
2016-07-26,53.00,53.00,54.00,52.00,268770,0.00 (0.00 %)
2016-07-27,54.50,54.50,54.50,52.50,402240,1.50 (2.83 %)
2016-07-28,55.00,54.50,55.00,53.50,91390,0.50 (0.92 %)
2016-07-29,54.00,54.50,55.00,53.50,225610,-1.00 (-1.82 %)
2016-08-01,53.00,54.00,54.00,53.00,365040,-1.00 (-1.85 %)
2016-08-02,51.50,53.00,53.00,51.00,634560,-1.50 (-2.83 %)
2016-08-03,50.50,51.00,51.50,49.50,324230,-1.00 (-1.94 %)
2016-08-04,52.00,51.00,54.00,50.50,537660,1.50 (2.97 %)
2016-08-05,51.00,52.50,52.50,50.50,327970,-1.00 (-1.92 %)
2016-08-08,52.00,51.50,52.00,50.50,348760,1.00 (1.96 %)
2016-08-09,53.00,52.00,53.00,51.50,181050,1.00 (1.92 %)
2016-08-10,53.50,52.50,54.00,52.50,310040,0.50 (0.94 %)
2016-08-11,56.00,53.50,56.00,53.50,737430,2.50 (4.67 %)
2016-08-12,54.50,55.50,56.00,53.50,331030,-1.50 (-2.68 %)
2016-08-15,54.50,53.50,55.00,53.50,165580,0.00 (0.00 %)
2016-08-16,54.00,54.00,55.00,53.50,513280,-0.50 (-0.92 %)
2016-08-17,53.00,54.00,54.00,52.00,635370,-1.00 (-1.85 %)
2016-08-18,53.00,54.00,55.00,53.00,577820,0.00 (0.00 %)
2016-08-19,53.50,53.00,54.50,53.00,250570,0.50 (0.94 %)
2016-08-22,53.50,55.00,55.00,53.50,466900,0.00 (0.00 %)
2016-08-23,53.00,53.00,54.00,52.50,559330,-0.50 (-0.93 %)
2016-08-24,54.00,53.50,54.50,53.50,275230,1.00 (1.89 %)
2016-08-25,54.00,54.00,54.50,53.50,453540,0.00 (0.00 %)
2016-08-26,57.50,56.00,57.50,55.50,1821780,3.50 (6.48 %)
2016-08-29,57.50,59.50,60.50,57.50,1324350,0.00 (0.00 %)
2016-08-30,55.50,56.50,57.00,55.00,1550890,-2.00 (-3.48 %)
2016-08-31,54.00,55.50,56.50,53.50,2593570,-1.50 (-2.70 %)
2016-09-01,52.50,54.50,55.00,51.50,3427730,-1.50 (-2.78 %)
2016-09-05,50.50,52.50,52.50,49.80,4191860,-2.00 (-3.81 %)
2016-09-06,50.50,51.00,51.50,50.00,1844160,0.00 (0.00 %)
2016-09-07,50.50,51.00,52.00,50.00,1582570,0.00 (0.00 %)
2016-09-08,50.50,51.00,51.00,50.00,1899730,0.00 (0.00 %)
2016-09-09,38.70,38.00,39.10,37.80,3353710,2.03 (5.54 %)
2016-09-12,37.45,38.60,38.60,37.00,1033010,-1.25 (-3.23 %)
2016-09-13,36.00,37.50,37.50,36.00,2161880,-1.45 (-3.87 %)
2016-09-14,36.50,35.55,37.40,35.55,1555400,0.50 (1.39 %)
2016-09-15,36.00,36.80,37.10,36.00,717270,-0.50 (-1.37 %)
2016-09-16,35.00,36.00,36.10,35.00,7265480,-1.00 (-2.78 %)
2016-09-19,36.65,35.70,36.85,35.70,1527320,1.65 (4.71 %)
2016-09-20,37.45,36.70,37.60,36.30,1203310,0.80 (2.18 %)
2016-09-21,37.45,37.00,37.60,37.00,1739860,0.00 (0.00 %)
2016-09-22,37.50,37.80,38.30,37.45,1593200,0.05 (0.13 %)
2016-09-23,37.35,37.50,37.65,37.20,836780,-0.15 (-0.40 %)
2016-09-26,37.60,37.35,37.95,37.05,1147450,0.25 (0.67 %)
2016-09-27,38.60,37.60,38.65,37.40,2049090,1.00 (2.66 %)
2016-09-28,39.00,38.80,39.20,38.55,1753620,0.40 (1.04 %)
2016-09-29,38.30,39.00,39.15,38.00,1749200,-0.70 (-1.79 %)
2016-09-30,38.30,38.30,38.80,38.00,1402860,0.00 (0.00 %)
2016-10-03,37.90,38.30,38.60,37.70,1293590,-0.40 (-1.04 %)
2016-10-04,37.90,37.90,38.60,37.80,1653180,0.00 (0.00 %)
2016-10-05,38.20,38.50,38.60,38.15,931670,0.30 (0.79 %)
2016-10-06,38.35,38.20,38.65,38.20,1173090,0.15 (0.39 %)
2016-10-07,37.95,38.45,38.65,37.80,1316880,-0.40 (-1.04 %)
2016-10-10,37.50,37.95,38.20,37.00,1014570,-0.45 (-1.19 %)
2016-10-11,37.80,37.70,37.80,36.60,2070950,0.30 (0.80 %)
2016-10-12,37.60,37.80,37.95,37.45,532610,-0.20 (-0.53 %)
2016-10-13,37.30,37.70,37.70,37.10,587930,-0.30 (-0.80 %)
2016-10-14,37.20,37.30,37.70,37.20,840790,-0.10 (-0.27 %)
2016-10-17,36.40,37.20,37.20,36.40,1573680,-0.80 (-2.15 %)
2016-10-18,36.45,36.40,36.90,36.10,943960,0.05 (0.14 %)
2016-10-19,36.70,36.80,37.20,36.60,960210,0.25 (0.69 %)
2016-10-20,36.70,36.80,37.00,36.70,590370,0.00 (0.00 %)
2016-10-21,36.70,36.70,37.00,36.60,775760,0.00 (0.00 %)
2016-10-24,36.10,36.80,37.00,36.10,682740,-0.60 (-1.63 %)
2016-10-25,35.75,36.10,36.10,35.40,1336590,-0.35 (-0.97 %)
2016-10-26,35.30,35.75,35.80,35.30,694100,-0.45 (-1.26 %)
2016-10-27,36.30,35.30,36.30,35.30,844890,1.00 (2.83 %)
2016-10-28,36.30,36.30,36.40,35.90,435980,0.00 (0.00 %)
2016-10-31,36.00,36.00,36.45,36.00,672940,-0.30 (-0.83 %)
2016-11-01,35.90,35.80,36.20,35.70,519580,-0.10 (-0.28 %)
2016-11-02,35.40,35.80,35.95,35.40,508170,-0.50 (-1.39 %)
2016-11-03,35.00,35.15,35.25,34.75,984650,-0.40 (-1.13 %)
2016-11-04,35.00,35.20,35.20,34.90,613830,0.00 (0.00 %)
2016-11-07,36.25,35.10,36.30,35.05,1085380,1.25 (3.57 %)
2016-11-08,36.40,36.40,36.45,36.00,1088300,0.15 (0.41 %)
2016-11-09,36.00,36.30,36.30,35.00,1690880,-0.40 (-1.10 %)
2016-11-10,36.40,36.40,36.60,36.35,792150,0.40 (1.11 %)
2016-11-11,36.25,36.50,36.80,36.05,898610,-0.15 (-0.41 %)
2016-11-14,35.80,36.25,36.25,35.75,745100,-0.45 (-1.24 %)
2016-11-15,35.80,35.75,36.25,35.75,278870,0.00 (0.00 %)
2016-11-16,35.80,35.80,35.90,35.60,455210,0.00 (0.00 %)
2016-11-17,35.65,35.80,35.80,35.35,737730,-0.15 (-0.42 %)
2016-11-18,35.55,35.50,35.65,35.45,628230,-0.10 (-0.28 %)
2016-11-21,35.70,35.55,35.80,35.50,592840,0.15 (0.42 %)
2016-11-22,36.00,35.70,36.00,35.65,623270,0.30 (0.84 %)
2016-11-23,36.30,36.10,36.45,36.00,938330,0.30 (0.83 %)
2016-11-24,36.00,36.10,36.35,35.90,632950,-0.30 (-0.83 %)
2016-11-25,35.80,36.00,36.10,35.70,689900,-0.20 (-0.56 %)
2016-11-28,35.50,35.70,35.70,35.35,1062520,-0.30 (-0.84 %)
2016-11-29,35.00,35.30,35.50,34.80,1322100,-0.50 (-1.41 %)
2016-11-30,35.20,34.60,35.20,34.40,2063550,0.20 (0.57 %)
2016-12-01,35.25,35.50,35.50,35.20,866550,0.05 (0.14 %)
2016-12-02,35.30,35.20,35.35,35.10,751530,0.05 (0.14 %)
2016-12-05,34.90,35.10,35.15,34.90,548780,-0.40 (-1.13 %)
2016-12-06,34.15,34.95,34.95,34.00,1338320,-0.75 (-2.15 %)
2016-12-07,34.40,34.15,34.40,34.15,779510,0.25 (0.73 %)
2016-12-08,35.00,34.40,35.45,34.20,677500,0.60 (1.74 %)
2016-12-09,35.05,34.80,35.15,34.80,566840,0.05 (0.14 %)
2016-12-12,34.90,34.60,35.00,34.60,557230,-0.15 (-0.43 %)
2016-12-13,34.40,34.90,34.90,34.25,775830,-0.50 (-1.43 %)
2016-12-14,34.80,34.25,34.85,34.25,500040,0.40 (1.16 %)
2016-12-15,35.00,34.80,35.30,34.50,540870,0.20 (0.57 %)
2016-12-16,35.10,35.00,35.10,34.70,1269760,0.10 (0.29 %)
2016-12-19,35.15,35.10,35.30,35.00,847210,0.05 (0.14 %)
2016-12-20,34.95,35.30,35.30,34.85,449350,-0.20 (-0.57 %)
2016-12-21,34.95,34.90,35.20,34.70,314930,0.00 (0.00 %)
2016-12-22,34.90,35.10,35.10,34.85,422940,-0.05 (-0.14 %)
2016-12-23,35.60,34.95,35.60,34.85,985440,0.70 (2.01 %)
2016-12-26,36.10,35.65,36.20,35.60,1005930,0.50 (1.40 %)
2016-12-27,36.00,36.20,36.40,36.00,821630,-0.10 (-0.28 %)
2016-12-28,35.60,36.10,36.10,35.60,647070,-0.40 (-1.11 %)
2016-12-29,35.45,35.90,35.90,35.40,482410,-0.15 (-0.42 %)
2016-12-30,35.45,35.45,35.70,35.40,565850,0.00 (0.00 %)
2017-01-03,37.25,35.60,37.50,35.60,2018750,1.80 (5.08 %)
2017-01-04,37.00,37.50,37.60,36.80,1339740,-0.25 (-0.67 %)
2017-01-05,37.15,36.90,37.30,36.85,855250,0.15 (0.41 %)
2017-01-06,37.90,37.20,38.40,37.10,2495910,0.75 (2.02 %)
2017-01-09,38.70,38.20,38.95,38.10,2379510,0.80 (2.11 %)
2017-01-10,38.40,38.40,38.65,38.35,1234210,-0.30 (-0.78 %)
2017-01-11,38.45,38.40,38.75,38.25,1498220,0.05 (0.13 %)
2017-01-12,37.90,38.40,38.50,37.80,1863070,-0.55 (-1.43 %)
2017-01-13,37.45,37.60,38.30,37.45,1164660,-0.45 (-1.19 %)
2017-01-16,37.35,37.50,37.80,37.05,641920,-0.10 (-0.27 %)
2017-01-17,38.95,37.50,39.15,37.50,2340000,1.60 (4.28 %)
2017-01-18,38.30,38.75,39.15,38.30,1143460,-0.65 (-1.67 %)
2017-01-19,38.00,38.40,38.50,38.00,521040,-0.30 (-0.78 %)
2017-01-20,38.00,38.20,38.50,38.00,908930,0.00 (0.00 %)
2017-01-23,38.10,38.35,38.35,37.95,717890,0.10 (0.26 %)
2017-01-24,38.60,38.05,38.60,38.00,899030,0.50 (1.31 %)
2017-01-25,39.30,38.90,39.30,38.40,1352580,0.70 (1.81 %)
2017-02-02,39.45,39.60,39.60,38.90,1368580,0.15 (0.38 %)
2017-02-03,38.70,39.50,39.50,38.70,1546040,-0.75 (-1.90 %)
2017-02-06,38.70,38.70,38.90,38.40,1288900,0.00 (0.00 %)
2017-02-07,39.25,38.80,39.25,38.75,1527190,0.55 (1.42 %)
2017-02-08,39.75,39.40,39.80,39.10,1792740,0.50 (1.27 %)
2017-02-09,39.70,39.85,39.90,39.50,1203520,-0.05 (-0.13 %)
2017-02-10,39.30,39.65,39.65,39.30,1754030,-0.40 (-1.01 %)
2017-02-13,38.85,39.30,39.30,38.70,1490330,-0.45 (-1.15 %)
2017-02-14,38.70,38.85,39.10,38.50,1325510,-0.15 (-0.39 %)
2017-02-15,39.00,38.85,39.30,38.60,1419820,0.30 (0.78 %)
2017-02-16,38.60,39.20,39.55,38.50,1359740,-0.40 (-1.03 %)
2017-02-17,38.30,38.70,38.75,38.30,1220700,-0.30 (-0.78 %)
2017-02-20,37.95,38.50,38.50,37.90,1322360,-0.35 (-0.91 %)
2017-02-21,38.40,38.00,38.45,37.95,1076370,0.45 (1.19 %)
2017-02-22,37.90,38.50,38.50,37.80,802090,-0.50 (-1.30 %)
2017-02-23,37.60,37.90,38.20,37.55,1453770,-0.30 (-0.79 %)
2017-02-24,37.45,37.80,37.85,37.30,785650,-0.15 (-0.40 %)
2017-02-27,38.20,38.20,38.35,37.20,902460,0.75 (2.00 %)
2017-02-28,37.40,38.20,38.20,37.40,703780,-0.80 (-2.09 %)
2017-03-01,37.20,37.40,37.60,37.20,753500,-0.20 (-0.53 %)
2017-03-02,36.90,37.60,37.70,36.90,1147120,-0.30 (-0.81 %)
2017-03-03,37.50,37.20,37.60,36.90,516470,0.60 (1.63 %)
2017-03-06,37.30,38.00,38.00,37.30,510190,-0.20 (-0.53 %)
2017-03-07,37.50,37.50,37.50,37.10,561990,0.20 (0.54 %)
2017-03-08,37.70,37.30,38.20,37.30,892080,0.20 (0.53 %)
2017-03-09,37.80,37.95,38.40,37.80,1001970,0.10 (0.27 %)
2017-03-10,37.50,37.50,38.20,37.35,596520,-0.30 (-0.79 %)
2017-03-13,37.05,37.10,37.40,37.05,885720,-0.45 (-1.20 %)
2017-03-14,37.05,37.05,37.40,37.05,502570,0.00 (0.00 %)
2017-03-15,36.95,37.25,37.25,36.95,561660,-0.10 (-0.27 %)
2017-03-16,37.10,37.00,37.25,36.95,574840,0.15 (0.41 %)
2017-03-17,37.00,37.10,37.55,36.95,3101080,-0.10 (-0.27 %)
2017-03-20,37.55,37.40,37.90,37.40,1083060,0.55 (1.49 %)
2017-03-21,38.00,37.90,38.00,37.60,975510,0.45 (1.20 %)
2017-03-22,37.70,38.00,38.35,37.60,1941850,-0.30 (-0.79 %)
2017-03-23,38.25,37.70,38.50,37.60,1640470,0.55 (1.46 %)
2017-03-24,38.00,38.50,38.55,37.75,1411600,-0.25 (-0.65 %)
2017-03-27,37.80,38.00,38.40,37.75,1677100,-0.20 (-0.53 %)
2017-03-28,37.40,37.80,38.05,37.35,1950220,-0.40 (-1.06 %)
2017-03-29,37.30,37.25,37.50,37.15,1380040,-0.10 (-0.27 %)
2017-03-30,37.20,37.30,37.60,37.20,1000760,-0.10 (-0.27 %)
2017-03-31,36.90,37.20,37.40,36.90,1648790,-0.30 (-0.81 %)
2017-04-03,36.40,36.90,37.05,36.30,2231080,-0.50 (-1.36 %)
2017-04-04,36.80,36.50,37.10,36.45,1012810,0.40 (1.10 %)
2017-04-05,36.85,36.80,37.30,36.80,620740,0.05 (0.14 %)
2017-04-07,36.80,36.60,36.90,36.60,746360,-0.05 (-0.14 %)
2017-04-10,36.70,36.90,37.10,36.70,701010,-0.10 (-0.27 %)
2017-04-11,36.90,36.70,37.00,36.70,494890,0.20 (0.54 %)
2017-04-12,36.80,37.00,37.00,36.65,925540,-0.10 (-0.27 %)
2017-04-13,36.75,36.65,37.15,36.65,771230,-0.05 (-0.14 %)
2017-04-14,36.35,36.70,36.75,36.00,1028920,-0.40 (-1.09 %)
2017-04-17,35.50,36.35,36.45,35.50,1031640,-0.85 (-2.34 %)
2017-04-18,35.85,35.50,35.85,35.40,534340,0.35 (0.99 %)
2017-04-19,35.90,35.80,36.10,35.70,571690,0.05 (0.14 %)
2017-04-20,35.40,35.90,35.90,35.40,1002210,-0.50 (-1.39 %)
2017-04-21,35.50,35.40,35.90,35.40,517030,0.10 (0.28 %)
2017-04-24,35.10,35.50,35.75,35.10,450210,-0.40 (-1.13 %)
2017-04-25,35.10,35.10,35.30,34.95,656130,0.00 (0.00 %)
2017-04-26,35.05,35.10,35.20,35.00,709260,-0.05 (-0.14 %)
2017-04-27,34.85,35.20,35.30,34.70,2240170,-0.20 (-0.57 %)
2017-04-28,35.10,34.80,35.25,34.75,1522920,0.25 (0.72 %)
2017-05-03,35.50,35.10,36.00,35.05,899880,0.40 (1.14 %)
2017-05-04,36.30,35.50,36.60,35.40,2186490,0.80 (2.25 %)
2017-05-05,36.10,36.30,36.30,35.90,783900,-0.20 (-0.55 %)
2017-05-08,35.75,36.10,36.30,35.70,863080,-0.35 (-0.97 %)
2017-05-09,36.45,35.75,36.60,35.65,1633890,0.70 (1.96 %)
2017-05-10,36.75,36.45,37.00,36.45,1447800,0.30 (0.82 %)
2017-05-11,36.80,36.80,37.00,36.75,1216160,0.05 (0.14 %)
2017-05-12,36.45,36.75,36.80,36.35,898130,-0.35 (-0.95 %)
2017-05-15,36.30,36.40,36.50,36.15,1127830,-0.15 (-0.41 %)
2017-05-16,36.05,36.10,36.40,36.00,1005430,-0.25 (-0.69 %)
2017-05-17,36.20,36.00,36.35,36.00,1250660,0.15 (0.42 %)
2017-05-18,36.35,36.10,36.55,36.10,1050880,0.15 (0.41 %)
2017-05-19,36.75,36.40,36.75,36.30,1089810,0.40 (1.10 %)
2017-05-22,37.50,37.10,38.20,36.75,3432310,0.75 (2.04 %)
2017-05-23,37.20,37.50,37.70,37.20,1332510,-0.30 (-0.80 %)
2017-05-24,37.75,37.15,38.05,37.05,1579160,0.55 (1.48 %)
2017-05-25,37.10,37.80,37.85,37.10,1692550,-0.65 (-1.72 %)
2017-05-26,36.70,37.05,37.25,36.70,1241870,-0.40 (-1.08 %)
2017-05-29,36.40,37.10,37.40,36.40,1697170,-0.30 (-0.82 %)
2017-05-30,36.30,36.70,36.70,36.20,1368210,-0.10 (-0.27 %)
2017-05-31,36.20,36.70,36.70,35.80,1478930,-0.10 (-0.28 %)
2017-06-01,36.30,36.40,36.65,36.20,972860,0.10 (0.28 %)
2017-06-02,36.30,36.30,36.50,36.10,1088530,0.00 (0.00 %)
2017-06-05,37.20,36.40,37.30,36.35,1909000,0.90 (2.48 %)
2017-06-06,38.65,37.30,38.65,37.20,4750190,1.45 (3.90 %)
2017-06-07,38.30,38.70,38.85,38.20,2419330,-0.35 (-0.91 %)
2017-06-08,37.90,38.20,38.30,37.80,1634700,-0.40 (-1.04 %)
2017-06-09,38.40,38.10,38.60,37.90,1972850,0.50 (1.32 %)
2017-06-12,38.35,38.40,38.45,37.95,971550,-0.05 (-0.13 %)
2017-06-13,38.55,38.05,38.65,38.00,986280,0.20 (0.52 %)
2017-06-14,39.20,38.55,39.40,38.55,2818810,0.65 (1.69 %)
2017-06-15,39.50,39.20,39.60,39.05,2996650,0.30 (0.77 %)
2017-06-16,39.50,39.85,39.85,39.25,2708280,0.00 (0.00 %)
2017-06-19,39.70,39.85,40.00,39.40,1526720,0.20 (0.51 %)
2017-06-20,39.50,39.80,39.80,39.30,2278990,-0.20 (-0.50 %)
2017-06-21,38.65,39.30,39.35,38.00,2270290,-0.85 (-2.15 %)
2017-06-22,38.10,38.70,38.75,38.10,1355410,-0.55 (-1.42 %)
2017-06-23,38.10,38.05,38.20,37.75,1880570,0.00 (0.00 %)
2017-06-26,38.50,38.30,38.60,38.15,1214450,0.40 (1.05 %)
2017-06-27,38.25,38.80,38.85,38.25,1026510,-0.25 (-0.65 %)
2017-06-28,38.05,38.25,38.30,37.85,1400580,-0.20 (-0.52 %)
2017-06-29,38.20,38.30,38.35,37.90,841580,0.15 (0.39 %)
2017-06-30,38.50,38.30,38.60,38.10,854400,0.30 (0.79 %)
2017-07-03,38.90,38.50,39.15,38.40,1812960,0.40 (1.04 %)
2017-07-04,38.70,39.00,39.00,38.50,819980,-0.20 (-0.51 %)
2017-07-05,38.85,39.00,39.00,38.45,799160,0.15 (0.39 %)
2017-07-06,39.35,38.80,39.50,38.80,2378800,0.50 (1.29 %)
2017-07-07,38.70,39.50,39.65,38.70,1164990,-0.65 (-1.65 %)
2017-07-10,38.10,38.90,39.10,38.00,1364350,-0.60 (-1.55 %)
2017-07-11,38.30,38.00,38.30,37.60,1103920,0.20 (0.52 %)
2017-07-12,38.00,38.50,38.50,37.85,1299690,-0.30 (-0.78 %)
2017-07-13,38.20,38.50,38.50,38.00,467540,0.20 (0.53 %)
2017-07-14,38.25,38.20,38.35,38.05,386280,0.05 (0.13 %)
2017-07-17,37.70,38.25,38.35,37.70,703340,-0.55 (-1.44 %)
2017-07-18,37.75,37.60,38.00,37.55,1396110,0.05 (0.13 %)
2017-07-19,37.60,37.80,37.95,37.50,1170570,-0.15 (-0.40 %)
2017-07-20,37.45,37.50,37.60,37.10,1086130,-0.15 (-0.40 %)
2017-07-21,37.00,37.60,37.70,37.00,1058900,-0.45 (-1.20 %)
2017-07-24,37.30,37.00,37.30,36.65,914230,0.30 (0.81 %)
2017-07-25,37.30,37.20,37.35,36.90,483370,0.00 (0.00 %)
2017-07-26,37.40,37.45,37.60,37.20,1240450,0.10 (0.27 %)
2017-07-27,37.35,37.40,37.55,37.35,661800,-0.05 (-0.13 %)
2017-07-28,37.50,37.35,37.80,37.30,1246630,0.15 (0.40 %)
2017-07-31,37.75,37.50,37.90,37.50,1097910,0.25 (0.67 %)
2017-08-01,38.40,38.00,38.70,38.00,1710380,0.65 (1.72 %)
2017-08-02,38.10,38.10,38.40,37.80,943280,-0.30 (-0.78 %)
2017-08-03,38.30,38.30,38.40,38.10,677010,0.20 (0.52 %)
2017-08-04,38.05,38.30,38.40,37.90,755620,-0.25 (-0.65 %)
2017-08-07,38.05,38.10,38.25,38.00,748690,0.00 (0.00 %)
2017-08-08,38.40,38.05,38.95,38.05,1643470,0.35 (0.92 %)
2017-08-09,37.80,38.40,38.55,37.50,1227850,-0.60 (-1.56 %)
2017-08-10,37.70,37.55,37.90,37.45,1133390,-0.10 (-0.26 %)
2017-08-11,37.45,37.45,37.55,37.30,580140,-0.25 (-0.66 %)
2017-08-14,37.65,37.45,37.80,37.45,363540,0.20 (0.53 %)
2017-08-15,37.30,37.60,37.70,37.30,466800,-0.35 (-0.93 %)
2017-08-16,37.50,37.30,37.55,37.25,388380,0.20 (0.54 %)
2017-08-17,37.30,37.50,37.55,37.15,521370,-0.20 (-0.53 %)
2017-08-18,37.50,37.30,37.80,37.15,720950,0.20 (0.54 %)
2017-08-21,37.40,37.50,37.60,37.30,257280,-0.10 (-0.27 %)
2017-08-22,36.90,37.50,37.50,36.90,547530,-0.50 (-1.34 %)
2017-08-23,37.00,37.00,37.10,36.70,551970,0.10 (0.27 %)
2017-08-24,37.05,37.15,37.45,36.90,326460,0.05 (0.14 %)
2017-08-25,37.15,37.05,37.40,37.05,222240,0.10 (0.27 %)
2017-08-28,37.45,37.15,37.45,37.10,664630,0.30 (0.81 %)
2017-08-29,37.00,37.45,37.50,37.00,691290,-0.45 (-1.20 %)
2017-08-30,37.00,37.00,37.30,36.90,697600,0.00 (0.00 %)
2017-08-31,37.10,36.90,37.45,36.85,697650,0.10 (0.27 %)
2017-09-01,37.45,37.40,37.50,37.10,655740,0.35 (0.94 %)
2017-09-05,38.15,37.40,38.30,37.15,1658120,0.70 (1.87 %)
2017-09-06,38.00,38.00,38.15,37.75,589690,-0.15 (-0.39 %)
2017-09-07,37.70,38.00,38.00,37.70,558020,-0.30 (-0.79 %)
2017-09-08,37.70,38.00,38.10,37.65,753240,0.00 (0.00 %)
2017-09-11,37.70,37.80,38.90,37.70,1858420,0.00 (0.00 %)
2017-09-12,38.05,37.70,38.10,37.65,1335940,0.35 (0.93 %)
2017-09-13,38.05,38.40,38.40,37.90,774520,0.00 (0.00 %)
2017-09-14,38.30,38.20,38.50,37.90,2432090,0.25 (0.66 %)
2017-09-15,38.00,38.30,38.40,37.90,2799180,-0.30 (-0.78 %)
2017-09-18,37.60,38.00,38.20,37.60,2916990,-0.40 (-1.05 %)
2017-09-19,37.40,37.45,37.80,37.30,2466890,-0.20 (-0.53 %)
2017-09-20,37.80,37.45,38.20,37.45,2168280,0.40 (1.07 %)
2017-09-21,37.85,37.80,38.15,37.75,1215880,0.05 (0.13 %)
2017-09-22,37.65,37.85,37.90,37.60,1052820,-0.20 (-0.53 %)
2017-09-25,37.50,37.65,37.75,37.45,1065690,-0.15 (-0.40 %)
2017-09-26,37.65,37.50,37.70,37.30,871840,0.15 (0.40 %)
2017-09-27,37.70,37.90,38.00,37.55,1377060,0.05 (0.13 %)
2017-09-28,37.25,37.20,37.45,37.10,1573710,0.35 (0.95 %)
2017-09-29,37.60,37.25,37.75,37.20,2122200,0.35 (0.94 %)
2017-10-02,37.65,37.80,38.10,37.45,1205110,0.05 (0.13 %)
2017-10-03,37.60,37.80,37.90,37.50,1417210,-0.05 (-0.13 %)
2017-10-04,38.80,37.50,39.00,37.50,4836990,1.20 (3.19 %)
2017-10-05,38.70,39.20,40.00,38.70,5672370,-0.10 (-0.26 %)
2017-10-06,39.05,38.70,39.15,38.65,2322970,0.35 (0.90 %)
2017-10-09,39.40,39.35,39.65,39.15,2500440,0.35 (0.90 %)
2017-10-10,39.65,39.40,39.90,39.20,2583380,0.25 (0.63 %)
2017-10-11,39.35,39.80,39.90,39.05,2835470,-0.30 (-0.76 %)
2017-10-12,39.05,39.35,39.45,39.05,1767480,-0.30 (-0.76 %)
2017-10-13,39.35,39.00,39.40,39.00,1784200,0.30 (0.77 %)
2017-10-16,39.05,39.45,39.50,38.95,1542490,-0.30 (-0.76 %)
2017-10-17,41.00,39.05,41.00,39.00,3062770,1.95 (4.99 %)
2017-10-18,40.70,40.90,41.40,40.55,3053330,-0.30 (-0.73 %)
2017-10-19,40.50,40.70,40.90,40.30,1482080,-0.20 (-0.49 %)
2017-10-20,40.80,40.55,41.30,40.45,2072400,0.30 (0.74 %)
2017-10-23,39.90,39.90,41.35,39.80,3568930,-0.90 (-2.21 %)
2017-10-24,40.00,39.85,40.30,39.50,1212060,0.10 (0.25 %)
2017-10-25,40.75,40.00,40.80,40.00,1385130,0.75 (1.88 %)
2017-10-26,40.60,40.75,41.25,40.20,1922030,-0.15 (-0.37 %)
2017-10-27,42.00,40.60,42.00,40.45,2347090,1.40 (3.45 %)
2017-10-30,41.90,42.30,42.95,41.50,3808170,-0.10 (-0.24 %)
2017-10-31,41.40,41.90,42.10,41.40,1322440,-0.50 (-1.19 %)
2017-11-01,41.60,41.60,41.85,41.35,2149100,0.20 (0.48 %)
2017-11-02,41.10,41.60,42.90,41.10,2341010,-0.50 (-1.20 %)
2017-11-03,41.90,41.40,41.90,40.80,1399850,0.80 (1.95 %)
2017-11-06,42.50,42.00,42.90,41.80,2460760,0.60 (1.43 %)
2017-11-07,42.45,42.50,42.85,42.00,1712940,-0.05 (-0.12 %)
2017-11-08,43.60,42.45,44.00,42.20,2695690,1.15 (2.71 %)
2017-11-09,43.10,43.80,44.00,43.10,1899000,-0.50 (-1.15 %)
2017-11-10,43.10,43.00,43.65,42.80,2187370,0.00 (0.00 %)
2017-11-13,43.40,43.50,43.70,43.00,2104320,0.30 (0.70 %)
2017-11-14,43.80,43.50,44.40,43.35,3008230,0.40 (0.92 %)
2017-11-15,43.60,43.60,44.20,43.60,1304050,-0.20 (-0.46 %)
2017-11-16,44.70,43.75,44.85,43.60,2077060,1.10 (2.52 %)
2017-11-17,44.40,44.80,45.15,44.35,2063770,-0.30 (-0.67 %)
2017-11-20,45.00,44.40,45.00,44.35,1783000,0.60 (1.35 %)
2017-11-21,46.70,45.30,47.70,45.20,3799100,1.70 (3.78 %)
2017-11-22,48.00,46.70,48.10,46.70,3116060,1.30 (2.78 %)
2017-11-23,47.90,48.70,48.90,46.85,2666680,-0.10 (-0.21 %)
2017-11-24,47.40,47.50,47.70,47.00,1363450,-0.50 (-1.04 %)
2017-11-27,47.90,47.50,48.20,46.80,2242960,0.50 (1.05 %)
2017-11-28,48.20,48.10,48.40,47.50,1712500,0.30 (0.63 %)
2017-11-29,49.00,48.00,49.00,48.00,1440140,0.80 (1.66 %)
2017-11-30,48.50,48.80,50.00,48.50,1997210,-0.50 (-1.02 %)
2017-12-01,48.30,48.60,48.90,48.00,2085760,-0.20 (-0.41 %)
2017-12-04,49.40,48.50,49.40,48.30,1939700,1.10 (2.28 %)
2017-12-05,48.10,49.00,50.00,48.10,1975550,-1.30 (-2.63 %)
2017-12-06,48.00,48.00,48.30,47.10,2102030,-0.10 (-0.21 %)
2017-12-07,47.60,48.00,48.00,46.70,2737090,-0.40 (-0.83 %)
2017-12-08,47.05,47.60,47.60,46.50,1517040,-0.55 (-1.16 %)
2017-12-11,44.60,46.00,46.90,44.60,1447900,-2.45 (-5.21 %)
2017-12-12,44.70,45.30,45.40,41.60,2440280,0.10 (0.22 %)
2017-12-13,44.00,45.00,45.10,43.70,1177420,-0.70 (-1.57 %)
2017-12-14,45.30,44.00,45.50,43.90,2166840,1.30 (2.95 %)
2017-12-15,46.00,45.30,46.50,45.20,2574240,0.70 (1.55 %)
2017-12-18,47.80,47.00,48.20,46.60,2349430,1.80 (3.91 %)
2017-12-19,47.75,47.90,48.45,47.35,1958480,-0.05 (-0.10 %)
2017-12-20,49.00,47.75,49.35,47.40,2587600,1.25 (2.62 %)
2017-12-21,48.50,49.00,49.20,48.50,1547200,-0.50 (-1.02 %)
2017-12-22,50.80,48.20,50.80,48.05,4459390,2.30 (4.74 %)
2017-12-25,51.40,51.00,51.70,50.80,1491740,0.60 (1.18 %)
2017-12-26,51.40,51.50,51.70,50.50,1701570,0.00 (0.00 %)
2017-12-27,52.50,51.40,52.80,51.10,2214360,1.10 (2.14 %)
2017-12-28,54.10,52.50,54.90,52.50,2321870,1.60 (3.05 %)
2017-12-29,54.30,54.00,55.00,53.90,2753570,0.20 (0.37 %)
2018-01-02,55.00,54.00,55.40,53.60,2801720,0.70 (1.29 %)
2018-01-03,54.90,55.50,55.70,54.50,1843870,-0.10 (-0.18 %)
2018-01-04,55.40,54.60,55.40,54.30,1990040,0.50 (0.91 %)
2018-01-05,54.00,55.10,55.10,53.90,2045200,-1.40 (-2.53 %)
2018-01-08,55.40,54.00,55.50,53.00,2071140,1.40 (2.59 %)
2018-01-09,58.50,56.00,58.50,54.50,2853160,3.10 (5.60 %)
2018-01-10,58.00,58.30,59.20,57.30,2842830,-0.50 (-0.85 %)
2018-01-11,58.80,57.50,58.80,57.20,1766240,0.80 (1.38 %)
2018-01-12,58.00,58.80,59.40,58.00,2525840,-0.80 (-1.36 %)
2018-01-15,60.00,58.00,60.00,57.00,2061850,2.00 (3.45 %)
2018-01-16,60.00,59.30,60.30,58.80,2218380,0.00 (0.00 %)
2018-01-17,56.20,59.80,59.90,56.20,2077670,-3.80 (-6.33 %)
2018-01-18,58.50,56.00,58.50,55.90,2845720,2.30 (4.09 %)
2018-01-19,61.00,58.60,61.40,58.30,2998270,2.50 (4.27 %)
2018-01-22,63.30,62.00,63.40,61.70,2300660,2.30 (3.77 %)
2018-01-25,67.70,65.50,67.70,63.80,4788340,4.40 (6.95 %)
2018-01-26,69.10,69.40,70.00,66.50,2617800,1.40 (2.07 %)
2018-01-29,68.00,70.00,71.50,67.80,2281360,-1.10 (-1.59 %)
2018-01-30,67.00,66.50,67.80,66.20,2818520,-1.00 (-1.47 %)
2018-01-31,66.60,67.00,68.90,66.20,1936300,-0.40 (-0.60 %)
2018-02-01,66.60,66.40,67.80,65.80,2166810,0.00 (0.00 %)
2018-02-02,67.40,67.50,67.50,66.60,1652660,0.80 (1.20 %)
2018-02-05,62.70,66.00,67.00,62.70,2687810,-4.70 (-6.97 %)
2018-02-06,62.00,62.00,63.00,58.40,6724710,-0.70 (-1.12 %)
2018-02-07,63.50,65.00,65.20,62.80,1635780,1.50 (2.42 %)
2018-02-08,62.90,62.60,63.50,61.50,855160,-0.60 (-0.94 %)
2018-02-09,60.90,58.50,62.30,58.50,2408810,-2.00 (-3.18 %)
2018-02-12,63.50,62.00,63.50,60.70,1847850,2.60 (4.27 %)
2018-02-13,64.00,64.30,64.90,63.60,1527780,0.50 (0.79 %)
2018-02-21,66.20,65.00,67.90,64.50,2132410,2.20 (3.44 %)
2018-02-22,66.80,65.60,67.40,65.40,2352100,0.60 (0.91 %)
2018-02-23,71.40,67.00,71.40,66.70,4825770,4.60 (6.89 %)
2018-02-26,71.90,74.30,74.30,71.40,3453290,0.50 (0.70 %)
2018-02-27,73.20,72.90,73.50,71.70,2249770,1.30 (1.81 %)
2018-02-28,73.80,72.10,75.00,72.00,3475320,0.60 (0.82 %)
2018-03-01,71.50,72.60,74.60,71.00,3615670,-2.30 (-3.12 %)
2018-03-02,71.80,70.00,72.00,70.00,2525210,0.30 (0.42 %)
2018-03-05,68.00,72.00,72.50,68.00,2914810,-3.80 (-5.29 %)
2018-03-06,71.20,69.00,71.50,67.70,3103920,3.20 (4.71 %)
2018-03-07,69.60,71.50,71.90,68.50,2277620,-1.60 (-2.25 %)
2018-03-08,69.50,69.60,70.40,68.80,1554260,-0.10 (-0.14 %)
2018-03-09,71.00,70.50,71.50,69.60,3236520,1.50 (2.16 %)
2018-03-12,72.00,72.00,73.40,71.50,2899140,1.00 (1.41 %)
2018-03-13,72.00,72.00,72.60,70.60,2146470,0.00 (0.00 %)
2018-03-14,73.80,72.60,74.30,72.60,4053460,1.80 (2.50 %)
2018-03-15,73.80,73.00,74.50,72.80,2111990,0.00 (0.00 %)
2018-03-16,74.70,74.70,75.30,74.10,5327050,0.90 (1.22 %)
2018-03-19,74.30,74.30,76.50,73.00,2803610,-0.40 (-0.54 %)
2018-03-20,74.00,73.30,74.90,73.30,1836040,-0.30 (-0.40 %)
2018-03-21,73.50,74.50,75.20,73.50,2952180,-0.50 (-0.68 %)
2018-03-22,72.00,74.00,74.00,72.00,3871380,-1.50 (-2.04 %)
2018-03-23,69.90,68.50,70.70,68.50,4563730,-2.10 (-2.92 %)
2018-03-26,71.90,70.00,71.90,69.60,1821910,2.00 (2.86 %)
2018-03-27,71.00,72.80,72.90,70.60,2322350,-0.90 (-1.25 %)
2018-03-28,70.50,69.90,71.30,69.80,1643300,-0.50 (-0.70 %)
2018-03-29,71.00,70.80,71.60,70.10,1457380,0.50 (0.71 %)
2018-03-30,70.50,71.00,71.40,70.20,1280140,-0.50 (-0.70 %)
2018-04-02,74.00,71.00,74.00,70.80,3055600,3.50 (4.96 %)
2018-04-03,74.30,74.00,75.30,73.50,3500060,0.30 (0.41 %)
2018-04-04,73.50,74.50,74.80,73.50,2089100,-0.80 (-1.08 %)
2018-04-05,73.50,73.80,74.00,72.60,1763710,0.00 (0.00 %)
2018-04-06,73.50,73.60,74.80,73.40,2346040,0.00 (0.00 %)
2018-04-09,73.80,73.50,74.30,73.50,2693260,0.30 (0.41 %)
2018-04-10,74.50,74.50,75.30,73.60,5026810,0.70 (0.95 %)
2018-04-11,71.20,74.70,74.80,70.00,3911130,-3.30 (-4.43 %)
2018-04-12,70.90,70.90,71.50,70.00,3262970,-0.30 (-0.42 %)
2018-04-13,67.90,71.30,71.40,67.50,5148440,-3.00 (-4.23 %)
2018-04-16,65.90,67.20,67.60,65.10,3992890,-2.00 (-2.95 %)
2018-04-17,67.00,66.00,67.00,65.50,2104840,1.10 (1.67 %)
2018-04-18,64.80,67.80,67.80,64.80,2005410,-2.20 (-3.28 %)
2018-04-19,61.00,64.40,64.50,61.00,4909820,-3.80 (-5.86 %)
2018-04-20,64.00,61.20,64.00,60.70,2996320,3.00 (4.92 %)
2018-04-23,59.60,59.60,64.80,59.60,2876760,-4.40 (-6.88 %)
2018-04-24,60.00,59.00,60.70,58.00,4451970,0.40 (0.67 %)
2018-04-26,58.20,60.00,61.30,58.00,4669710,-1.80 (-3.00 %)
2018-04-27,60.00,58.20,60.20,58.10,2940100,1.80 (3.09 %)
2018-05-02,58.20,58.20,61.00,57.80,2862030,-1.80 (-3.00 %)
2018-05-03,59.60,58.20,59.70,56.90,3451890,1.40 (2.41 %)
2018-05-04,59.00,60.20,60.70,58.90,3234250,-0.60 (-1.01 %)
2018-05-07,62.10,59.80,62.10,59.30,3511210,3.10 (5.25 %)
2018-05-08,61.00,61.30,62.20,61.00,2947160,-1.10 (-1.77 %)
2018-05-09,59.50,60.70,61.00,59.50,2787480,-1.50 (-2.46 %)
2018-05-10,56.50,59.90,60.20,55.60,4433980,-3.00 (-5.04 %)
2018-05-11,57.90,56.50,58.00,54.50,3954360,1.40 (2.48 %)
2018-05-14,58.30,58.20,58.50,56.90,1522180,0.40 (0.69 %)
2018-05-15,58.70,58.30,59.80,58.20,2498910,0.40 (0.69 %)
2018-05-16,57.00,58.50,58.90,57.00,2368960,-1.70 (-2.90 %)
2018-05-17,56.80,57.00,57.40,56.20,2079780,-0.20 (-0.35 %)
2018-05-18,56.50,56.90,57.10,54.80,2437850,-0.30 (-0.53 %)
2018-05-21,55.70,56.50,57.40,55.70,1835620,-0.80 (-1.42 %)
2018-05-22,53.40,54.90,55.50,52.00,3235250,-2.30 (-4.13 %)
2018-05-23,54.50,53.00,54.50,52.00,2045320,1.10 (2.06 %)
2018-05-24,53.30,54.50,54.80,53.00,1312180,-1.20 (-2.20 %)
2018-05-25,50.00,53.40,53.70,50.00,2718610,-3.30 (-6.19 %)
2018-05-28,46.80,49.00,49.60,46.80,4579370,-3.20 (-6.40 %)
2018-05-29,50.00,47.50,50.00,46.80,2610350,3.20 (6.84 %)
2018-05-30,52.00,51.00,52.80,50.50,4432950,2.00 (4.00 %)
2018-05-31,54.10,51.50,54.50,51.40,3736400,2.10 (4.04 %)
2018-06-01,57.00,54.10,57.50,53.90,5930650,2.90 (5.36 %)
2018-06-04,59.30,56.50,59.60,56.00,3837380,2.30 (4.04 %)
2018-06-05,58.60,58.60,59.60,57.70,3532580,-0.70 (-1.18 %)
2018-06-06,59.10,58.10,59.70,57.60,2183260,0.50 (0.85 %)
2018-06-07,58.70,59.00,59.30,58.40,2538580,-0.40 (-0.68 %)
2018-06-08,59.70,58.30,60.40,58.30,2693680,1.00 (1.70 %)
2018-06-11,59.00,59.40,60.30,58.50,2453150,-0.70 (-1.17 %)
2018-06-12,58.00,58.50,59.00,56.50,3024500,-1.00 (-1.69 %)
2018-06-13,59.90,57.60,59.90,57.60,2054850,1.90 (3.28 %)
2018-06-14,58.10,59.90,59.90,58.00,2814340,-1.80 (-3.01 %)
2018-06-15,59.00,57.50,59.00,57.40,2557670,0.90 (1.55 %)
2018-06-18,56.50,58.90,59.00,56.00,2461860,-2.50 (-4.24 %)
2018-06-19,56.50,54.50,56.50,54.00,5149160,0.00 (0.00 %)
2018-06-20,58.10,57.00,58.70,56.20,2767440,1.60 (2.83 %)
2018-06-21,57.00,58.00,58.20,56.40,1637920,-1.10 (-1.89 %)
2018-06-22,58.70,56.10,58.70,55.50,2529630,1.70 (2.98 %)
2018-06-25,59.40,60.00,60.20,58.90,2415610,0.70 (1.19 %)
2018-06-26,59.30,58.50,59.40,58.00,1346430,-0.10 (-0.17 %)
2018-06-27,58.00,59.00,60.50,58.00,2602270,-1.30 (-2.19 %)
2018-06-28,57.90,57.00,58.70,57.00,2114670,-0.10 (-0.17 %)
2018-06-29,58.00,57.90,58.70,56.80,1439520,0.10 (0.17 %)
2018-07-02,58.10,57.50,58.40,55.40,2846420,0.10 (0.17 %)
2018-07-03,56.00,58.30,58.30,56.00,3355250,-2.10 (-3.61 %)
2018-07-04,55.60,56.20,56.50,54.70,2452480,-0.40 (-0.71 %)
2018-07-05,52.00,55.40,55.60,52.00,2865870,-3.60 (-6.47 %)
2018-07-06,55.00,51.10,55.40,50.50,3443450,3.00 (5.77 %)
2018-07-09,54.00,55.00,56.40,54.00,1434270,-1.00 (-1.82 %)
2018-07-10,53.10,55.50,55.50,53.10,1360490,-0.90 (-1.67 %)
2018-07-11,51.20,51.90,52.50,50.10,3312190,-1.90 (-3.58 %)
2018-07-12,52.40,52.40,53.60,50.50,1422890,1.20 (2.34 %)
2018-07-13,54.80,53.30,54.90,52.00,1709410,2.40 (4.58 %)
2018-07-16,54.90,55.00,55.50,54.30,1302130,0.10 (0.18 %)
2018-07-17,55.80,54.00,55.80,54.00,1594780,0.90 (1.64 %)
2018-07-18,57.50,55.80,57.50,55.80,2473610,1.70 (3.05 %)
2018-07-19,56.80,57.70,57.80,56.70,1704000,-0.70 (-1.22 %)
2018-07-20,56.80,56.80,57.20,55.10,2204900,0.00 (0.00 %)
2018-07-23,56.60,56.60,58.40,56.50,2618240,-0.20 (-0.35 %)
2018-07-24,57.00,57.00,57.40,56.00,1683260,0.40 (0.71 %)
2018-07-25,55.30,57.30,57.40,55.30,1257900,-1.70 (-2.98 %)
2018-07-26,56.70,55.40,56.70,54.50,2107890,1.40 (2.53 %)
2018-07-27,56.50,56.70,57.30,56.20,979280,-0.20 (-0.35 %)
2018-07-30,57.30,57.00,57.40,56.50,1288790,0.80 (1.42 %)
2018-07-31,58.50,57.10,59.30,56.80,3438180,1.20 (2.09 %)
2018-08-01,58.60,59.10,59.20,58.40,1902040,0.10 (0.17 %)
2018-08-02,59.00,58.20,59.00,57.70,1855340,0.40 (0.68 %)
2018-08-03,58.50,59.50,59.70,58.10,1770230,-0.50 (-0.85 %)
2018-08-06,59.00,58.20,59.60,58.20,1782410,0.50 (0.85 %)
2018-08-07,61.50,58.80,61.90,58.60,5488590,2.50 (4.24 %)
2018-08-08,62.10,61.60,62.40,61.00,2193510,0.60 (0.98 %)
2018-08-09,61.30,62.10,62.70,61.30,2508810,-0.80 (-1.29 %)
2018-08-10,63.50,61.00,63.50,61.00,3849630,2.20 (3.59 %)
2018-08-13,63.80,63.00,63.80,62.20,2397270,0.30 (0.47 %)
2018-08-14,62.80,63.80,63.80,62.70,1274800,-1.00 (-1.57 %)
2018-08-15,60.60,63.20,63.40,60.50,3238040,-2.20 (-3.50 %)
2018-08-16,60.60,60.00,61.00,58.90,3426320,0.00 (0.00 %)
2018-08-17,62.00,61.10,62.90,60.80,2711770,1.40 (2.31 %)
2018-08-20,61.40,62.00,62.50,61.40,1601770,-0.60 (-0.97 %)
2018-08-21,62.70,61.00,62.70,61.00,1724610,1.30 (2.12 %)
2018-08-22,61.90,62.80,63.00,61.90,1490660,-0.80 (-1.28 %)
2018-08-23,62.60,62.00,62.80,61.60,1301270,0.70 (1.13 %)
2018-08-24,62.00,62.60,62.60,61.80,1779380,-0.60 (-0.96 %)
2018-08-27,63.10,62.50,63.50,62.40,1805900,1.10 (1.77 %)
2018-08-28,64.00,63.50,64.30,62.90,2588320,0.90 (1.43 %)
2018-08-29,63.10,63.90,64.10,63.10,1117930,-0.90 (-1.41 %)
2018-08-30,63.80,63.10,64.20,62.40,1336350,0.70 (1.11 %)
2018-08-31,62.50,63.80,64.00,62.00,1949400,-1.30 (-2.04 %)
2018-09-04,61.00,62.50,62.60,60.90,2050280,-1.50 (-2.40 %)
2018-09-05,60.60,61.00,61.80,60.30,1766180,-0.40 (-0.66 %)
2018-09-06,60.30,60.60,61.00,60.20,796450,-0.30 (-0.50 %)
2018-09-07,62.00,60.10,62.20,60.10,1595530,1.70 (2.82 %)
2018-09-10,62.00,62.00,62.60,61.10,1505560,0.00 (0.00 %)
2018-09-11,63.00,61.50,63.10,61.50,1543540,1.00 (1.61 %)
2018-09-12,62.60,63.20,63.60,62.50,1590110,-0.40 (-0.63 %)
2018-09-13,62.90,62.80,63.40,62.60,1069800,0.30 (0.48 %)
2018-09-14,64.00,63.20,64.40,63.20,2405940,1.10 (1.75 %)
2018-09-17,62.90,64.00,64.00,62.90,1007490,-1.10 (-1.72 %)
2018-09-18,63.30,62.50,63.30,62.30,1077110,0.40 (0.64 %)
2018-09-19,63.30,63.70,63.70,63.10,1075000,0.00 (0.00 %)
2018-09-20,64.40,63.30,64.60,63.30,1709890,1.10 (1.74 %)
2018-09-21,64.60,65.00,65.70,64.00,4889170,0.20 (0.31 %)
2018-09-24,65.20,65.50,65.70,64.80,1094970,0.60 (0.93 %)
2018-09-25,64.40,64.40,65.20,64.40,1031520,-0.80 (-1.23 %)
2018-09-26,63.80,64.40,64.90,63.80,2099660,-0.60 (-0.93 %)
2018-09-27,63.40,63.40,64.20,63.20,2121040,-0.40 (-0.63 %)
2018-09-28,63.00,63.70,64.00,63.00,2104400,-0.40 (-0.63 %)
2018-10-01,62.50,63.50,63.50,62.50,1932610,-0.50 (-0.79 %)
2018-10-02,63.00,62.50,63.10,62.20,1601040,0.50 (0.80 %)
2018-10-03,63.00,63.40,63.50,62.50,1034920,0.00 (0.00 %)
2018-10-04,63.00,63.00,64.00,62.80,2298750,0.00 (0.00 %)
2018-10-05,62.10,62.50,63.00,62.10,1633520,-0.10 (-0.16 %)
2018-10-08,61.60,62.00,62.40,61.60,1347760,-0.50 (-0.81 %)
2018-10-09,61.70,61.80,62.20,61.60,868060,0.10 (0.16 %)
2018-10-10,61.70,61.90,62.00,61.40,781330,0.00 (0.00 %)
2018-10-11,57.70,57.70,60.00,57.50,3432840,-4.00 (-6.48 %)
2018-10-12,59.90,57.00,59.90,57.00,2266290,2.20 (3.81 %)
2018-10-15,59.10,59.80,60.00,58.70,1155630,-0.80 (-1.34 %)
2018-10-16,59.20,59.00,59.60,58.90,1079700,0.10 (0.17 %)
2018-10-17,59.20,59.20,59.90,59.10,1293490,0.00 (0.00 %)
2018-10-18,58.00,59.00,59.20,57.90,1605080,-1.20 (-2.03 %)
2018-10-19,57.70,57.00,58.60,57.00,1188910,-0.30 (-0.52 %)
2018-10-22,57.10,58.50,58.80,57.10,1204690,-0.60 (-1.04 %)
2018-10-23,55.80,57.00,57.30,54.00,2346810,-1.30 (-2.28 %)
2018-10-24,55.50,55.80,56.60,55.50,1474260,-0.30 (-0.54 %)
2018-10-25,54.80,53.00,55.20,53.00,1744120,-0.70 (-1.26 %)
2018-10-26,53.50,55.90,55.90,53.50,1220360,-1.30 (-2.37 %)
2018-10-29,52.90,53.30,53.90,52.50,1261730,-0.60 (-1.12 %)
2018-10-30,54.20,52.90,54.30,52.70,1337430,1.30 (2.46 %)
2018-10-31,55.60,54.20,56.70,54.20,1245750,1.40 (2.58 %)
2018-11-01,55.00,55.80,55.90,54.80,1221200,-0.60 (-1.08 %)
2018-11-02,56.20,55.00,56.30,55.00,1136910,1.20 (2.18 %)
2018-11-05,56.50,55.90,56.50,55.60,873020,0.30 (0.53 %)
2018-11-06,55.80,57.00,57.00,55.80,667710,-0.70 (-1.24 %)
2018-11-07,55.50,55.80,56.20,55.10,668290,-0.30 (-0.54 %)
2018-11-08,55.70,56.70,56.80,55.70,575720,0.20 (0.36 %)
2018-11-09,54.30,55.20,55.70,54.30,885690,-1.40 (-2.51 %)
2018-11-12,54.60,54.00,54.60,52.80,687980,0.30 (0.55 %)
2018-11-13,53.60,53.30,54.30,53.30,601520,-1.00 (-1.83 %)
2018-11-14,53.20,53.60,54.30,52.80,530120,-0.40 (-0.75 %)
2018-11-15,53.40,53.20,53.60,52.50,828510,0.20 (0.38 %)
2018-11-16,53.20,54.00,54.10,53.10,1227840,-0.20 (-0.37 %)
2018-11-19,54.00,54.00,54.00,53.20,1145500,0.80 (1.50 %)
2018-11-20,53.80,54.00,54.00,53.30,1086240,-0.20 (-0.37 %)
2018-11-21,55.40,53.10,55.40,53.00,1908000,1.60 (2.97 %)
2018-11-22,54.80,55.00,55.50,54.70,961120,-0.60 (-1.08 %)
2018-11-23,54.00,54.70,55.00,54.00,897050,-0.80 (-1.46 %)
2018-11-26,54.00,54.00,54.30,53.70,673900,0.00 (0.00 %)
2018-11-27,53.40,54.40,54.70,53.20,1284900,-0.60 (-1.11 %)
2018-11-28,55.10,53.40,55.10,53.40,1483680,1.70 (3.18 %)
2018-11-29,55.00,55.60,56.40,55.00,2360280,-0.10 (-0.18 %)
2018-11-30,55.40,54.90,56.00,54.80,1430640,0.40 (0.73 %)
2018-12-03,58.00,56.70,58.00,56.20,2226730,2.60 (4.69 %)
2018-12-04,57.60,57.80,58.30,57.10,1367410,-0.40 (-0.69 %)
2018-12-05,57.80,57.00,58.20,56.50,2014850,0.20 (0.35 %)
2018-12-06,56.90,57.40,58.00,56.70,2258320,-0.90 (-1.56 %)
2018-12-07,57.20,57.40,57.70,57.10,835390,0.30 (0.53 %)
2018-12-10,56.90,57.20,57.40,56.60,1050910,-0.30 (-0.52 %)
2018-12-11,56.80,56.90,57.20,56.20,1119050,-0.10 (-0.18 %)
2018-12-12,58.00,57.30,58.00,56.80,1466430,1.20 (2.11 %)
2018-12-13,57.60,58.30,58.40,57.60,851900,-0.40 (-0.69 %)
2018-12-14,56.50,57.50,57.60,56.50,880580,-1.10 (-1.91 %)
2018-12-17,54.80,56.00,56.40,54.80,1787440,-1.70 (-3.01 %)
2018-12-18,55.10,54.10,55.50,54.10,1459730,0.30 (0.55 %)
2018-12-19,54.40,55.10,55.40,54.10,1131780,-0.70 (-1.27 %)
2018-12-20,54.60,54.30,55.20,54.30,877260,0.20 (0.37 %)
2018-12-21,54.50,54.50,54.50,53.80,1690120,-0.10 (-0.18 %)
2018-12-24,53.10,54.50,54.90,53.10,864160,-1.40 (-2.57 %)
2018-12-25,52.70,52.00,53.00,51.00,1964060,-0.40 (-0.75 %)
2018-12-26,52.80,52.60,53.50,52.60,782180,0.10 (0.19 %)
2018-12-27,53.50,54.00,54.30,53.50,571770,0.70 (1.33 %)
2018-12-28,53.50,53.80,54.50,53.30,781690,0.00 (0.00 %)
2019-01-02,53.60,53.60,54.30,53.50,1081640,0.10 (0.19 %)
2019-01-03,53.60,54.00,54.10,52.70,1071350,0.00 (0.00 %)
2019-01-04,54.40,53.30,54.40,52.60,1307310,0.80 (1.49 %)
2019-01-07,54.60,55.30,55.50,54.50,1175810,0.20 (0.37 %)
2019-01-08,55.00,55.00,55.20,54.50,1318810,0.40 (0.73 %)
2019-01-09,55.80,55.50,56.10,54.80,1136370,0.80 (1.45 %)
2019-01-10,55.00,55.80,55.80,55.00,794870,-0.80 (-1.43 %)
2019-01-11,55.20,55.20,55.50,54.90,1115410,0.20 (0.36 %)
2019-01-14,55.30,55.20,55.50,54.90,759980,0.10 (0.18 %)
2019-01-15,55.90,55.30,56.10,55.20,1071080,0.60 (1.08 %)
2019-01-16,55.40,55.40,56.30,55.00,706160,-0.50 (-0.89 %)
2019-01-17,55.20,55.30,55.70,55.10,460060,-0.20 (-0.36 %)
2019-01-18,54.80,55.20,55.40,54.80,542400,-0.40 (-0.72 %)
2019-01-21,55.80,54.60,56.20,54.50,870530,1.00 (1.82 %)
2019-01-22,55.20,56.00,56.00,55.20,398340,-0.60 (-1.08 %)
2019-01-23,55.40,54.90,55.50,54.90,514720,0.20 (0.36 %)
2019-01-24,55.40,55.40,55.60,55.00,463870,0.00 (0.00 %)
2019-01-25,55.80,55.50,56.10,55.40,1008850,0.40 (0.72 %)
2019-01-28,55.50,56.00,56.00,55.50,336990,-0.30 (-0.54 %)
2019-01-29,56.70,55.50,56.70,55.20,973050,1.20 (2.16 %)
2019-01-30,56.70,56.70,57.20,56.70,1152720,0.00 (0.00 %)
2019-01-31,56.80,56.80,57.40,56.80,1147760,0.10 (0.18 %)
2019-02-01,56.50,57.00,57.40,56.50,827040,-0.30 (-0.53 %)
2019-02-11,58.10,57.00,58.20,56.80,1395030,1.60 (2.83 %)
2019-02-12,58.60,58.10,59.00,57.80,1683680,0.50 (0.86 %)
2019-02-13,59.80,58.60,59.90,58.60,1853680,1.20 (2.05 %)
2019-02-14,60.20,59.80,60.30,59.60,1629070,0.40 (0.67 %)
2019-02-15,59.30,60.00,60.00,59.20,1249180,-0.90 (-1.50 %)
2019-02-18,60.00,59.50,60.00,59.50,1027840,0.70 (1.18 %)
2019-02-19,59.00,60.00,60.20,59.00,1304520,-1.00 (-1.67 %)
2019-02-20,59.10,59.30,59.60,58.90,818480,0.10 (0.17 %)
2019-02-21,60.10,59.50,60.10,59.10,2044240,1.00 (1.69 %)
2019-02-22,62.00,60.20,62.40,60.00,2502840,1.90 (3.16 %)
2019-02-25,63.40,62.50,63.90,62.30,2079790,1.40 (2.26 %)
2019-02-26,63.00,63.40,63.50,61.90,1976570,-0.40 (-0.63 %)
2019-02-27,61.90,62.80,63.00,61.60,1148480,-1.10 (-1.75 %)
2019-02-28,60.50,61.90,62.50,60.50,2027080,-1.40 (-2.26 %)
2019-03-01,62.20,61.00,62.20,60.80,713500,1.70 (2.81 %)
2019-03-04,62.80,62.20,63.00,62.20,1347480,0.60 (0.96 %)
2019-03-05,63.00,62.80,63.80,62.50,1576750,0.20 (0.32 %)
2019-03-06,62.70,63.10,63.30,61.90,1081870,-0.30 (-0.48 %)
2019-03-07,63.10,63.10,63.80,62.60,1897450,0.40 (0.64 %)
2019-03-08,62.80,62.40,63.00,62.10,997370,-0.30 (-0.48 %)
2019-03-11,62.60,62.40,62.70,61.90,1020600,-0.20 (-0.32 %)
2019-03-12,64.80,63.00,64.80,62.70,2194380,2.20 (3.51 %)
2019-03-13,65.20,65.00,65.20,64.50,1680350,0.40 (0.62 %)
2019-03-14,67.00,65.20,67.00,64.50,2271650,1.80 (2.76 %)
2019-03-15,66.00,67.20,67.20,66.00,2616060,-1.00 (-1.49 %)
2019-03-18,67.60,66.50,67.80,66.50,1936700,1.60 (2.42 %)
2019-03-19,66.80,67.60,67.60,66.70,1390640,-0.80 (-1.18 %)
2019-03-20,66.70,66.70,67.20,66.20,2441040,-0.10 (-0.15 %)
2019-03-21,66.60,66.90,67.90,66.50,1525770,-0.10 (-0.15 %)
2019-03-22,66.90,66.80,67.00,66.50,1375420,0.30 (0.45 %)
2019-03-25,65.50,65.00,66.00,64.00,1635900,-1.40 (-2.09 %)
2019-03-26,65.50,66.10,66.50,65.50,1127550,0.00 (0.00 %)
2019-03-27,65.50,65.90,65.90,64.70,538180,0.00 (0.00 %)
2019-03-28,66.70,65.70,66.70,65.40,742470,1.20 (1.83 %)
2019-03-29,67.30,67.00,67.50,66.80,678050,0.60 (0.90 %)
2019-04-01,67.80,67.90,67.90,67.60,684060,0.50 (0.74 %)
2019-04-02,67.50,68.00,68.50,67.50,556970,-0.30 (-0.44 %)
2019-04-03,67.20,67.50,67.60,66.50,445650,-0.30 (-0.44 %)
2019-04-04,67.70,67.70,67.90,66.80,948960,0.50 (0.74 %)
2019-04-05,68.10,67.80,68.20,67.80,477530,0.40 (0.59 %)
2019-04-08,69.70,68.10,69.70,67.90,1121900,1.60 (2.35 %)
2019-04-09,69.80,69.70,70.00,69.40,759180,0.10 (0.14 %)
2019-04-10,68.90,69.50,69.50,68.80,719030,-0.90 (-1.29 %)
2019-04-11,68.50,69.00,69.00,67.70,405090,-0.40 (-0.58 %)
2019-04-12,68.00,68.60,68.60,67.60,355400,-0.50 (-0.73 %)
2019-04-16,67.40,68.00,68.00,66.40,404640,-0.60 (-0.88 %)
2019-04-17,68.00,67.90,68.20,67.00,516710,0.60 (0.89 %)
2019-04-18,67.90,67.50,68.70,67.50,554820,-0.10 (-0.15 %)
2019-04-19,68.00,67.90,68.50,67.90,232550,0.10 (0.15 %)
2019-04-22,67.90,67.10,68.10,67.00,313210,-0.10 (-0.15 %)
2019-04-23,67.50,68.00,68.00,66.10,1260620,-0.40 (-0.59 %)
2019-04-24,68.50,67.50,69.20,67.50,684540,1.00 (1.48 %)
2019-04-25,67.70,68.50,68.50,67.70,348700,-0.80 (-1.17 %)
2019-04-26,67.90,67.80,68.30,67.50,277260,0.20 (0.30 %)
2019-05-02,66.90,67.60,67.90,66.40,628430,-1.00 (-1.47 %)
2019-05-03,66.70,66.80,67.20,66.10,789780,-0.20 (-0.30 %)
2019-05-06,66.30,66.20,66.80,65.90,364560,-0.40 (-0.60 %)
2019-05-07,65.60,66.30,67.00,64.80,1103060,-0.70 (-1.06 %)
2019-05-08,65.10,64.60,65.60,64.60,947120,-0.50 (-0.76 %)
2019-05-09,65.50,65.40,66.00,65.10,659180,0.40 (0.61 %)
2019-05-10,65.60,65.50,66.10,65.20,554370,0.10 (0.15 %)
2019-05-13,65.90,65.80,66.10,65.60,475420,0.30 (0.46 %)
2019-05-14,66.60,65.40,66.60,65.40,628480,0.70 (1.06 %)
2019-05-15,66.80,66.70,67.40,66.50,734230,0.20 (0.30 %)
2019-05-16,66.80,66.80,67.40,66.80,412210,0.00 (0.00 %)
2019-05-17,66.80,66.80,67.00,66.60,449040,0.00 (0.00 %)
2019-05-20,67.80,66.80,68.10,66.70,607060,1.00 (1.50 %)
2019-05-21,67.70,67.90,68.40,67.70,473170,-0.10 (-0.15 %)
2019-05-22,67.20,67.20,68.60,67.00,662700,-0.50 (-0.74 %)
2019-05-23,67.60,67.40,68.00,67.10,378440,0.40 (0.60 %)
2019-05-24,66.50,67.30,68.00,66.10,931250,-1.10 (-1.63 %)
2019-05-27,67.40,67.00,67.80,66.50,341320,0.90 (1.35 %)
2019-05-28,67.40,67.00,68.60,66.80,664400,0.00 (0.00 %)
2019-05-29,67.50,67.60,68.10,67.20,313510,0.10 (0.15 %)
2019-05-30,67.70,67.50,68.10,67.30,320900,0.20 (0.30 %)
2019-05-31,67.20,67.50,68.00,66.80,712090,-0.50 (-0.74 %)
2019-06-03,66.50,66.50,67.20,64.00,593660,-0.70 (-1.04 %)
2019-06-04,67.20,66.00,67.50,65.90,387780,0.70 (1.05 %)
2019-06-05,66.70,67.20,67.50,66.70,269120,-0.50 (-0.74 %)
2019-06-06,65.90,66.70,66.70,65.00,394550,-0.80 (-1.20 %)
2019-06-07,65.60,66.50,67.00,65.20,490880,-0.30 (-0.46 %)
2019-06-10,66.70,66.80,67.50,66.00,585460,1.10 (1.68 %)
2019-06-11,67.40,66.50,67.50,66.50,280100,0.70 (1.05 %)
2019-06-12,67.00,67.40,67.50,66.90,212910,-0.40 (-0.59 %)
2019-06-13,67.30,67.00,67.50,66.40,546960,0.30 (0.45 %)
2019-06-14,69.20,67.50,69.60,67.30,2478770,1.90 (2.82 %)
2019-06-17,69.20,69.20,70.30,69.00,1018520,0.00 (0.00 %)
2019-06-18,70.30,69.00,70.50,68.20,958120,1.10 (1.59 %)
2019-06-19,69.80,69.80,70.70,69.40,767310,-0.50 (-0.71 %)
2019-06-20,71.50,69.70,71.50,69.60,934290,1.70 (2.44 %)
2019-06-21,71.00,71.00,72.00,71.00,1785930,-0.50 (-0.70 %)
2019-06-24,73.00,71.50,73.80,71.00,1407410,2.00 (2.82 %)
2019-06-25,72.40,72.80,72.80,72.00,390840,-0.60 (-0.82 %)
2019-06-26,70.50,70.50,72.50,70.50,918850,-1.90 (-2.62 %)
2019-06-27,69.50,69.50,71.00,69.40,1187150,-1.00 (-1.42 %)
2019-06-28,70.50,70.50,72.00,68.40,830140,1.00 (1.44 %)
2019-07-01,71.30,71.30,71.90,70.90,565640,0.80 (1.13 %)
2019-07-02,70.50,70.50,71.50,70.30,363020,-0.80 (-1.12 %)
2019-07-03,69.60,70.50,71.00,69.60,796720,-0.90 (-1.28 %)
2019-07-04,72.50,70.50,72.50,69.70,1125010,2.90 (4.17 %)
2019-07-05,72.60,72.50,72.60,72.00,425620,0.10 (0.14 %)
2019-07-08,71.30,72.00,72.30,71.00,723300,-1.30 (-1.79 %)
2019-07-09,71.90,71.50,71.90,70.60,668550,0.60 (0.84 %)
2019-07-10,72.50,72.50,72.70,71.90,639160,0.60 (0.83 %)
2019-07-11,74.00,72.60,74.60,72.60,1286980,1.50 (2.07 %)
2019-07-12,73.70,74.00,74.50,73.60,926210,-0.30 (-0.41 %)
2019-07-15,75.00,74.00,75.00,73.70,1089930,1.30 (1.76 %)
2019-07-16,77.20,75.50,78.00,75.40,1901200,2.20 (2.93 %)
2019-07-17,76.20,76.50,77.10,75.80,802350,-1.00 (-1.30 %)
2019-07-18,76.40,75.90,77.20,75.60,858680,0.20 (0.26 %)
2019-07-19,79.00,75.90,79.80,76.40,1316760,2.60 (3.40 %)
2019-07-22,79.00,79.00,79.50,78.70,930520,0.00 (0.00 %)
2019-07-23,78.90,78.90,79.30,78.50,626060,-0.10 (-0.13 %)
2019-07-24,76.90,79.50,79.50,76.50,1380620,-2.00 (-2.53 %)
2019-07-25,77.70,76.90,77.80,76.70,457360,0.80 (1.04 %)
2019-07-26,78.50,77.70,79.70,77.50,942260,0.80 (1.03 %)
2019-07-29,81.00,78.50,81.00,78.30,986830,2.50 (3.18 %)
2019-07-30,80.60,82.00,82.50,80.60,1133490,-0.40 (-0.49 %)
2019-07-31,80.20,80.00,80.50,79.60,512820,-0.40 (-0.50 %)
2019-08-01,80.50,80.20,80.50,79.70,538850,0.30 (0.37 %)
2019-08-02,79.10,79.70,80.50,79.10,680000,-1.40 (-1.74 %)
2019-08-05,77.40,79.20,79.70,77.10,857570,-1.70 (-2.15 %)
2019-08-06,76.30,76.40,76.90,75.80,1172520,-1.10 (-1.42 %)
2019-08-07,78.40,76.30,78.40,76.30,567830,2.10 (2.75 %)
2019-08-08,78.50,78.50,79.80,78.10,612530,0.10 (0.13 %)
2019-08-09,78.50,78.70,79.40,78.40,638630,0.00 (0.00 %)
2019-08-12,77.70,78.50,78.80,77.20,475000,-0.80 (-1.02 %)
2019-08-13,76.30,77.20,77.50,75.90,809300,-1.40 (-1.80 %)
2019-08-14,76.30,78.00,78.00,76.30,354750,0.00 (0.00 %)
2019-08-15,79.00,74.60,79.00,74.60,510330,2.70 (3.54 %)
2019-08-16,77.90,77.80,78.60,77.80,551180,-1.10 (-1.39 %)
2019-08-19,76.80,77.90,78.50,76.70,692740,-1.10 (-1.41 %)
2019-08-20,76.90,77.80,77.80,76.70,453760,0.10 (0.13 %)
2019-08-21,80.00,76.90,80.30,76.70,1927720,3.10 (4.03 %)
2019-08-22,80.00,80.20,80.40,79.60,762090,0.00 (0.00 %)
2019-08-23,79.20,80.00,80.20,79.20,451500,-0.80 (-1.00 %)
2019-08-26,77.80,78.20,78.60,77.50,672220,-1.40 (-1.77 %)
2019-08-27,76.50,78.20,78.80,76.00,1116480,-1.30 (-1.67 %)
2019-08-28,77.00,76.80,77.30,76.80,588810,0.50 (0.65 %)
2019-08-29,76.80,76.90,77.40,76.50,422240,-0.20 (-0.26 %)
2019-08-30,77.70,76.90,77.70,77.00,280130,0.90 (1.17 %)
2019-09-03,77.80,77.80,77.90,76.70,580830,0.10 (0.13 %)
2019-09-04,77.30,77.50,77.50,76.90,527770,-0.50 (-0.64 %)
2019-09-05,77.60,77.20,78.80,77.20,408900,0.30 (0.39 %)
2019-09-06,77.30,78.00,78.00,77.00,287990,-0.30 (-0.39 %)
2019-09-09,77.20,77.30,77.40,77.00,236440,-0.10 (-0.13 %)
2019-09-10,77.70,77.20,79.20,77.10,651950,0.50 (0.65 %)
2019-09-11,78.20,77.30,78.50,77.30,141450,0.50 (0.64 %)
2019-09-12,79.50,78.50,79.50,78.50,800240,1.30 (1.66 %)
2019-09-13,81.90,79.80,82.00,79.80,1408780,2.40 (3.02 %)
2019-09-16,81.00,81.90,82.70,80.80,697310,-0.90 (-1.10 %)
2019-09-17,81.10,80.70,81.30,80.50,896290,0.10 (0.12 %)
2019-09-18,80.60,81.10,82.50,80.50,809820,-0.50 (-0.62 %)
2019-09-19,81.50,81.00,81.70,80.50,527230,0.90 (1.12 %)
2019-09-20,81.00,81.50,82.80,81.00,2794080,-0.50 (-0.61 %)
2019-09-23,79.00,81.60,81.90,79.00,1187100,-2.00 (-2.47 %)
2019-09-24,80.60,79.50,80.80,78.90,791470,1.60 (2.03 %)
2019-09-25,80.70,80.00,80.90,79.40,729340,0.10 (0.12 %)
2019-09-26,81.00,80.70,81.30,80.30,1040190,0.30 (0.37 %)
2019-09-27,82.90,81.30,83.10,80.80,1388490,1.90 (2.35 %)
2019-09-30,82.10,82.90,83.30,81.90,775770,-0.80 (-0.97 %)
2019-10-01,83.40,82.10,83.60,81.80,795100,1.30 (1.58 %)
2019-10-02,82.00,83.40,83.70,81.70,1224650,-1.40 (-1.68 %)
2019-10-03,82.00,81.80,82.00,80.60,1003810,0.00 (0.00 %)
2019-10-04,83.00,82.00,83.50,81.80,1121700,1.00 (1.22 %)
2019-10-07,82.80,82.00,84.50,82.80,1134390,-0.20 (-0.24 %)
2019-10-08,85.10,82.00,85.30,82.80,1461940,2.30 (2.78 %)
2019-10-09,84.50,85.10,85.70,84.50,860160,-0.60 (-0.71 %)
2019-10-10,84.60,84.90,85.20,84.50,753670,0.10 (0.12 %)
2019-10-11,85.30,84.50,85.40,84.40,730370,0.70 (0.83 %)
2019-10-14,85.00,85.50,86.00,85.00,620800,-0.30 (-0.35 %)
2019-10-15,85.20,85.00,85.40,84.70,648400,0.20 (0.24 %)
2019-10-16,86.10,86.10,86.30,85.70,668740,0.90 (1.06 %)
2019-10-17,85.20,86.40,86.40,84.80,1023870,-0.90 (-1.05 %)
2019-10-18,85.00,85.50,85.80,84.80,417240,-0.20 (-0.23 %)
2019-10-21,84.20,84.90,84.90,83.60,561470,-0.80 (-0.94 %)
2019-10-22,85.40,84.20,85.80,84.20,473090,1.20 (1.43 %)
2019-10-23,85.30,85.50,85.80,84.60,538120,-0.10 (-0.12 %)
2019-10-24,86.90,85.30,87.00,85.10,660180,1.60 (1.88 %)
2019-10-25,88.00,86.90,88.50,86.60,838210,1.10 (1.27 %)
2019-10-28,87.40,88.00,88.20,87.40,383850,-0.60 (-0.68 %)
2019-10-29,86.40,87.40,87.50,86.30,702620,-1.00 (-1.14 %)
2019-10-30,87.80,86.10,88.20,86.10,607710,1.40 (1.62 %)
2019-10-31,87.70,88.10,88.50,87.60,319340,-0.10 (-0.11 %)
2019-11-01,88.80,87.70,89.40,87.50,1071470,1.10 (1.25 %)
2019-11-04,92.00,89.30,92.50,89.30,1091260,3.20 (3.60 %)
2019-11-05,90.80,92.10,92.50,90.70,616630,-1.20 (-1.30 %)
2019-11-06,91.00,90.80,92.30,90.70,673230,0.20 (0.22 %)
2019-11-07,91.30,91.00,91.90,91.00,360850,0.30 (0.33 %)
2019-11-08,91.50,91.30,91.90,90.80,416510,0.20 (0.22 %)
2019-11-11,91.30,91.80,91.80,91.00,423790,-0.20 (-0.22 %)
2019-11-12,91.70,91.40,92.10,91.30,595820,0.40 (0.44 %)
2019-11-13,90.50,92.20,92.20,90.00,706550,-1.20 (-1.31 %)
2019-11-14,90.90,90.50,91.40,90.20,375320,0.40 (0.44 %)
2019-11-15,89.70,90.00,91.00,89.40,565270,-1.20 (-1.32 %)
2019-11-18,87.60,89.50,89.90,87.50,700550,-2.10 (-2.34 %)
2019-11-19,91.00,88.00,91.00,88.00,526560,3.40 (3.88 %)
2019-11-20,89.50,91.00,91.00,89.50,516280,-1.50 (-1.65 %)
2019-11-21,87.50,89.10,89.70,87.50,1000670,-2.00 (-2.23 %)
2019-11-22,85.50,85.50,88.50,85.20,1346230,-2.00 (-2.29 %)
2019-11-25,84.50,85.50,86.00,82.60,1445550,-1.00 (-1.17 %)
2019-11-26,84.70,84.50,85.80,84.50,727130,0.20 (0.24 %)
2019-11-27,86.30,85.50,87.00,85.30,484360,1.60 (1.89 %)
2019-11-28,85.30,86.00,86.30,84.90,494650,-1.00 (-1.16 %)
2019-11-29,85.30,85.60,85.80,85.00,318000,0.00 (0.00 %)
2019-12-02,83.50,85.30,85.70,83.00,438800,-1.80 (-2.11 %)
2019-12-03,82.00,83.00,84.10,82.00,635370,-1.50 (-1.80 %)
2019-12-04,84.70,81.90,84.80,81.50,376730,2.70 (3.29 %)
2019-12-05,84.80,85.00,85.70,84.60,378490,0.10 (0.12 %)
2019-12-06,84.90,84.80,85.20,84.40,256400,0.10 (0.12 %)
2019-12-09,85.20,84.90,85.70,84.40,400740,0.30 (0.35 %)
2019-12-10,85.40,85.30,85.90,85.00,512290,0.20 (0.23 %)
2019-12-11,85.90,86.00,86.00,85.20,415080,0.50 (0.59 %)
2019-12-12,87.50,86.10,88.00,86.00,464750,1.60 (1.86 %)
2019-12-13,88.40,88.10,88.50,87.50,746800,0.90 (1.03 %)
2019-12-16,86.00,88.40,88.40,85.00,665550,-2.40 (-2.71 %)
2019-12-17,85.30,86.40,87.00,85.30,266250,-0.70 (-0.81 %)
2019-12-18,86.70,85.40,86.70,85.30,845740,1.40 (1.64 %)
2019-12-19,88.00,86.70,88.20,86.00,1014960,1.30 (1.50 %)
2019-12-20,88.30,88.00,88.50,87.80,389360,0.30 (0.34 %)
2019-12-23,90.90,88.90,91.00,88.90,937250,2.60 (2.94 %)
2019-12-24,90.00,90.80,90.80,88.90,507600,-0.90 (-0.99 %)
2019-12-25,89.90,90.00,90.90,89.00,230880,-0.10 (-0.11 %)
2019-12-26,89.40,90.50,90.50,89.00,404110,-0.50 (-0.56 %)
2019-12-27,90.50,89.30,90.50,88.30,498870,1.10 (1.23 %)
2019-12-30,91.00,90.50,92.20,90.00,660140,0.50 (0.55 %)
2019-12-31,90.20,90.60,91.10,90.10,230770,-0.80 (-0.88 %)
2020-01-02,90.80,90.20,91.40,89.70,386290,0.60 (0.67 %)
2020-01-03,89.90,91.50,91.80,89.90,536130,-0.90 (-0.99 %)
2020-01-06,87.50,89.20,89.50,87.50,880110,-2.40 (-2.67 %)
2020-01-07,87.80,87.00,87.90,85.40,1013270,0.30 (0.34 %)
2020-01-08,87.00,86.90,87.90,86.20,722280,-0.80 (-0.91 %)
2020-01-09,88.70,87.70,88.90,87.70,722670,1.70 (1.95 %)
2020-01-10,89.50,88.70,90.40,87.90,1526920,0.80 (0.90 %)
2020-01-13,89.40,89.00,89.80,89.00,1044640,-0.10 (-0.11 %)
2020-01-14,89.40,89.50,90.00,89.10,1001130,0.00 (0.00 %)
2020-01-15,89.30,89.60,89.60,88.80,1471860,-0.10 (-0.11 %)
2020-01-16,89.50,89.30,90.30,88.90,1171580,0.20 (0.22 %)
2020-01-17,94.50,89.50,94.50,89.50,2219790,5.00 (5.59 %)
2020-01-20,94.00,94.50,94.80,93.50,832190,-0.50 (-0.53 %)
2020-01-21,94.00,93.90,94.60,93.60,749590,0.00 (0.00 %)
2020-01-22,93.40,94.00,95.00,93.10,877710,-0.60 (-0.64 %)
2020-01-30,88.90,92.10,92.40,87.00,3541560,-4.50 (-4.82 %)
2020-01-31,88.70,88.00,89.80,87.70,1270160,-0.20 (-0.22 %)
2020-02-03,88.70,88.70,90.20,83.00,1457070,0.00 (0.00 %)
2020-02-04,89.80,89.00,89.80,87.70,1118410,1.10 (1.24 %)
2020-02-05,88.90,90.20,90.40,88.80,731310,-0.90 (-1.00 %)
2020-02-06,89.40,89.40,90.90,88.80,889570,0.50 (0.56 %)
2020-02-07,90.00,89.80,90.80,89.00,1170540,0.60 (0.67 %)
2020-02-10,88.90,89.20,89.50,88.50,607060,-1.10 (-1.22 %)
2020-02-11,89.20,89.00,89.50,88.90,520210,0.30 (0.34 %)
2020-02-12,89.40,89.80,89.80,89.10,609750,0.20 (0.22 %)
2020-02-13,89.30,89.20,89.50,88.80,633270,-0.10 (-0.11 %)
2020-02-14,89.30,89.00,89.80,89.00,432800,0.00 (0.00 %)
2020-02-17,89.40,89.30,89.90,89.10,343900,0.10 (0.11 %)
2020-02-18,89.40,89.60,89.60,89.00,432880,0.00 (0.00 %)
2020-02-19,89.50,89.00,89.50,89.00,264010,0.10 (0.11 %)
2020-02-20,89.50,89.70,90.40,89.20,541120,0.00 (0.00 %)
2020-02-21,89.00,89.50,89.50,89.00,898350,-0.50 (-0.56 %)
2020-02-24,87.20,86.00,88.00,86.00,995910,-1.80 (-2.02 %)
2020-02-25,86.20,86.00,87.00,85.80,1229530,-1.00 (-1.15 %)
2020-02-26,85.00,86.00,86.00,84.00,1163030,-1.20 (-1.39 %)
2020-02-27,84.00,84.00,84.60,82.90,1227980,-1.00 (-1.18 %)
2020-02-28,82.40,80.10,83.40,80.10,1710080,-1.60 (-1.90 %)
2020-03-02,81.80,81.50,82.20,81.30,668980,-0.60 (-0.73 %)
2020-03-03,82.20,83.50,83.50,82.20,848270,0.40 (0.49 %)
2020-03-04,81.70,82.00,82.00,81.00,581530,-0.50 (-0.61 %)
2020-03-05,83.10,82.20,83.60,82.20,833710,1.40 (1.71 %)
2020-03-06,84.50,83.00,85.70,82.00,884750,1.40 (1.68 %)
2020-03-09,78.60,79.00,80.90,78.60,1209500,-5.90 (-6.98 %)
2020-03-10,79.90,78.00,79.90,75.40,1433230,1.30 (1.65 %)
2020-03-11,77.00,80.40,80.40,74.40,1806190,-2.90 (-3.63 %)
2020-03-12,71.70,72.00,73.00,71.70,1582400,-5.30 (-6.88 %)
2020-03-13,71.00,66.70,73.00,66.70,1859750,-0.70 (-0.98 %)
2020-03-16,67.10,71.00,71.00,66.50,1022550,-3.90 (-5.49 %)
2020-03-17,67.50,67.50,67.50,63.60,1364590,0.40 (0.60 %)
2020-03-18,69.30,68.00,70.70,68.00,1099800,1.80 (2.67 %)
2020-03-19,66.00,67.30,68.70,66.00,1191150,-3.30 (-4.76 %)
2020-03-20,61.50,66.00,66.30,61.50,2763360,-4.50 (-6.82 %)
2020-03-23,57.20,57.60,58.50,57.20,1875070,-4.30 (-6.99 %)
2020-03-24,58.00,57.20,58.40,56.60,1498070,0.80 (1.40 %)
2020-03-25,62.00,60.00,62.00,59.70,1835730,4.00 (6.90 %)
2020-03-26,63.20,62.00,64.70,61.50,1484590,1.20 (1.94 %)
2020-03-27,64.10,63.30,65.90,62.50,1569620,0.90 (1.42 %)
2020-03-30,61.00,60.10,61.40,59.80,1637330,-3.10 (-4.84 %)
2020-03-31,62.00,61.50,64.10,60.00,957500,1.00 (1.64 %)
2020-04-01,65.00,61.50,65.90,61.50,1229320,3.00 (4.84 %)
2020-04-03,65.50,65.00,66.30,64.00,1726690,0.50 (0.77 %)
2020-04-06,68.00,67.50,68.30,66.00,2111200,2.50 (3.82 %)
2020-04-07,68.20,68.00,69.00,66.80,1773570,0.20 (0.29 %)
2020-04-08,67.50,67.00,68.20,66.80,1778380,-0.70 (-1.03 %)
2020-04-09,71.00,68.00,72.00,68.00,1795170,3.50 (5.19 %)
2020-04-10,70.60,71.00,71.90,69.60,1599380,-0.40 (-0.56 %)
2020-04-13,70.80,70.60,71.80,70.00,1046830,0.20 (0.28 %)
2020-04-14,69.90,70.50,70.80,67.80,1944570,-0.90 (-1.27 %)
2020-04-15,70.90,69.70,71.30,69.70,1017740,1.00 (1.43 %)
2020-04-16,71.20,70.00,71.20,69.80,1057050,0.30 (0.42 %)
2020-04-17,71.40,71.50,71.80,70.90,1473140,0.20 (0.28 %)
2020-04-20,71.90,71.70,72.40,70.80,1026030,0.50 (0.70 %)
2020-04-21,71.50,71.00,71.50,67.80,2159110,-0.40 (-0.56 %)
2020-04-22,69.30,69.00,71.10,69.00,1612290,-2.20 (-3.08 %)
2020-04-23,69.20,71.00,71.00,68.80,1201610,-0.10 (-0.14 %)
2020-04-24,68.90,69.20,69.60,67.50,972170,-0.30 (-0.43 %)
2020-04-27,66.80,69.90,69.90,66.80,2547060,-2.10 (-3.05 %)
2020-04-28,67.00,66.80,68.50,65.20,2052860,0.20 (0.30 %)
2020-04-29,68.00,68.00,68.10,67.00,1523750,1.00 (1.49 %)
2020-05-04,67.40,68.00,68.10,66.80,852260,-0.60 (-0.88 %)
2020-05-05,66.80,67.30,67.70,66.80,1007640,-0.60 (-0.89 %)
2020-05-06,67.60,67.30,67.70,66.50,855770,0.80 (1.20 %)
2020-05-07,69.70,67.80,69.70,67.70,1936540,2.10 (3.11 %)
2020-05-08,73.50,70.00,74.20,69.80,3865590,3.80 (5.45 %)
2020-05-11,74.50,74.50,74.50,72.50,1696160,1.00 (1.36 %)
2020-05-12,75.60,74.60,76.00,74.40,2199500,1.10 (1.48 %)
2020-05-13,75.60,75.60,76.50,72.00,1851970,0.00 (0.00 %)
2020-05-14,76.00,75.00,76.40,74.90,2121750,0.40 (0.53 %)
2020-05-15,76.00,76.40,76.50,75.60,1596240,0.00 (0.00 %)
2020-05-18,78.50,76.30,79.00,75.80,1002690,2.50 (3.29 %)
